Trade Date	High	Low	Open	Close	Volume	Prev. Close	Total Turnover	Num. Of Trans.
1/4/2014	4,150	4,020	4,050	4,050	252222	4,000	1027123,630	671
2/4/2014	4,110	4,000	4,050	4,040	120390	4,050	488418,390	386
3/4/2014	4,070	3,910	4,010	3,910	171690	4,040	681526,740	396
4/4/2014	4,000	3,850	3,910	3,890	129790	3,910	509133,650	452
7/4/2014	3,990	3,890	3,900	3,890	91836	3,890	361690,880	231
8/4/2014	3,940	3,820	3,900	3,900	71782	3,890	278096,220	264
9/4/2014	3,950	3,820	3,910	3,840	142513	3,900	549572,410	439
10/4/2014	3,900	3,700	3,900	3,720	164553	3,840	625136,390	513
11/4/2014	3,800	3,580	3,720	3,630	304565	3,720	1117998,330	803
14/4/2014	3,670	3,500	3,580	3,500	171490	3,630	612520,380	546
15/4/2014	3,620	3,470	3,550	3,490	164848	3,500	581878,730	610
16/4/2014	3,700	3,470	3,560	3,700	153122	3,490	548304,140	522
17/4/2014	3,800	3,700	3,720	3,760	189131	3,700	711086,070	521
22/4/2014	3,850	3,760	3,760	3,840	152119	3,760	580892,910	333
23/4/2014	3,850	3,710	3,850	3,730	200726	3,840	761664,340	355
24/4/2014	3,770	3,630	3,730	3,760	149811	3,730	557636,060	317
25/4/2014	3,770	3,700	3,750	3,770	53937	3,760	201141,790	158
28/4/2014	3,770	3,540	3,770	3,660	317318	3,770	1153008,800	645
29/4/2014	3,720	3,600	3,660	3,690	101684	3,660	371845,190	329
30/4/2014	3,790	3,630	3,630	3,760	115227	3,690	431992,580	340
2/5/2014	3,820	3,680	3,760	3,700	143452	3,760	536106,890	433
5/5/2014	3,740	3,650	3,700	3,670	55539	3,700	204080,450	201
6/5/2014	3,680	3,570	3,650	3,670	104119	3,670	378798,740	281
7/5/2014	3,740	3,630	3,670	3,720	93670	3,670	346878,440	253
8/5/2014	3,770	3,680	3,750	3,710	49536	3,720	184194,750	184
9/5/2014	3,750	3,560	3,750	3,560	137157	3,710	498437,250	463
12/5/2014	3,550	3,370	3,550	3,450	239057	3,560	825359,800	833
13/5/2014	3,520	3,310	3,450	3,380	188029	3,450	638870,540	668
14/5/2014	3,450	3,360	3,370	3,420	181759	3,380	620057,650	573
15/5/2014	3,520	3,270	3,460	3,300	293054	3,420	994435,430	1045
16/5/2014	3,370	3,080	3,320	3,090	377826	3,300	1208085,700	967
19/5/2014	3,300	3,100	3,180	3,100	268007	3,090	854815,050	840
20/5/2014	3,390	3,100	3,100	3,390	132825	3,100	441369,440	502
21/5/2014	3,440	3,360	3,400	3,370	103363	3,390	350541,840	329
22/5/2014	3,420	3,320	3,410	3,380	92997	3,370	313773,380	400
23/5/2014	3,540	3,300	3,380	3,540	222829	3,380	763324,050	569
26/5/2014	3,740	3,530	3,580	3,720	380649	3,540	1384706,670	861
27/5/2014	3,820	3,690	3,730	3,800	300500	3,720	1133829,230	694
28/5/2014	3,840	3,750	3,810	3,780	182976	3,800	695454,830	656
29/5/2014	3,800	3,680	3,780	3,690	204798	3,780	760474,280	905
30/5/2014	3,800	3,650	3,690	3,650	488824	3,690	1802432,170	635
2/6/2014	3,820	3,710	3,720	3,720	341810	3,650	1286062,500	686
3/6/2014	3,750	3,670	3,720	3,670	82408	3,720	305566,710	299
4/6/2014	3,740	3,650	3,670	3,730	106119	3,670	392643,850	294
5/6/2014	3,840	3,740	3,760	3,800	231998	3,730	882049,310	580
6/6/2014	3,850	3,720	3,800	3,770	172206	3,800	650634,890	449
10/6/2014	3,880	3,780	3,830	3,880	187154	3,770	717429,330	505
11/6/2014	4,000	3,830	3,880	3,960	435432	3,880	1705729,780	927
12/6/2014	4,030	3,920	3,920	3,980	179032	3,960	714240,440	365
13/6/2014	3,950	3,820	3,930	3,850	132076	3,980	510023,690	435
16/6/2014	3,870	3,750	3,850	3,760	97247	3,850	369311,110	377
17/6/2014	3,800	3,700	3,800	3,730	65840	3,760	246528,310	344
18/6/2014	3,810	3,700	3,730	3,810	90386	3,730	339186,960	383
19/6/2014	3,970	3,820	3,830	3,960	264729	3,810	1036624,620	596
20/6/2014	4,010	3,930	3,930	4,000	192117	3,960	763465,820	533
23/6/2014	4,000	3,880	4,000	3,880	147869	4,000	583209,510	338
24/6/2014	3,920	3,820	3,850	3,850	134923	3,880	521876,630	393
25/6/2014	3,900	3,790	3,850	3,830	118103	3,850	454168,250	412
26/6/2014	3,890	3,800	3,830	3,810	50921	3,830	195798,750	285
27/6/2014	3,810	3,660	3,800	3,690	202887	3,810	755788,680	633
30/6/2014	3,770	3,680	3,690	3,700	124156	3,690	462144,720	311
1/7/2014	3,830	3,720	3,720	3,820	217161	3,700	824816,840	398
2/7/2014	3,880	3,800	3,840	3,850	224375	3,820	863355,580	414
3/7/2014	3,870	3,800	3,850	3,870	129665	3,850	495640,350	303
4/7/2014	3,880	3,820	3,860	3,840	45067	3,870	173196,300	131
7/7/2014	3,840	3,730	3,840	3,770	80362	3,840	304179,960	236
8/7/2014	3,790	3,520	3,740	3,590	250237	3,770	913282,630	884
9/7/2014	3,570	3,450	3,520	3,500	136604	3,590	479756,760	539
10/7/2014	3,540	3,350	3,500	3,420	178651	3,500	608966,280	593
11/7/2014	3,500	3,310	3,410	3,380	197624	3,420	669860,470	450
14/7/2014	3,450	3,320	3,380	3,420	82901	3,380	280737,840	406
15/7/2014	3,580	3,420	3,420	3,580	219701	3,420	774133,860	442
16/7/2014	3,580	3,500	3,550	3,520	62474	3,580	220303,610	333
17/7/2014	3,540	3,410	3,520	3,500	74428	3,520	258787,970	376
18/7/2014	3,470	3,370	3,450	3,400	121631	3,500	413868,880	386
21/7/2014	3,520	3,360	3,480	3,500	151201	3,400	520021,860	453
22/7/2014	3,580	3,450	3,450	3,520	59733	3,500	210171,480	299
23/7/2014	3,550	3,430	3,430	3,520	57088	3,520	200575,940	186
24/7/2014	3,700	3,480	3,530	3,700	132233	3,520	479819,150	375
25/7/2014	3,820	3,700	3,730	3,790	197806	3,700	745922,420	568
28/7/2014	3,840	3,750	3,790	3,820	125358	3,790	478342,370	323
29/7/2014	3,840	3,750	3,820	3,820	329433	3,820	1251417,360	614
30/7/2014	3,820	3,740	3,800	3,800	113606	3,820	430390,950	321
31/7/2014	3,780	3,720	3,770	3,730	206735	3,800	775782,430	452
1/8/2014	3,710	3,550	3,710	3,650	117604	3,730	427057,850	395
4/8/2014	3,670	3,580	3,650	3,640	79338	3,650	288364,010	168
5/8/2014	3,640	3,580	3,630	3,600	223624	3,640	805594,360	228
6/8/2014	3,570	3,370	3,540	3,460	207822	3,600	714040,930	555
7/8/2014	3,510	3,420	3,480	3,500	247953	3,460	865549,200	541
8/8/2014	3,460	3,320	3,460	3,320	100144	3,500	336733,810	538
11/8/2014	3,460	3,370	3,380	3,370	119202	3,320	406139,890	416
12/8/2014	3,480	3,370	3,370	3,430	102298	3,370	352402,590	214
13/8/2014	3,490	3,400	3,430	3,480	66687	3,430	229561,960	204
14/8/2014	3,480	3,370	3,450	3,420	150887	3,480	513151,750	366
18/8/2014	3,450	3,250	3,420	3,250	89164	3,420	298573,780	289
19/8/2014	3,320	3,230	3,290	3,310	92049	3,250	301128,870	265
20/8/2014	3,440	3,310	3,310	3,420	68712	3,310	233216,290	337
21/8/2014	3,480	3,400	3,420	3,480	58234	3,420	201440,900	277
22/8/2014	3,540	3,440	3,490	3,520	61349	3,480	214184,570	256
25/8/2014	3,510	3,450	3,480	3,480	34889	3,520	121480,510	163
26/8/2014	3,510	3,460	3,500	3,480	66811	3,480	232658,620	269
27/8/2014	3,580	3,470	3,510	3,560	106914	3,480	378759,330	405
28/8/2014	3,570	3,460	3,530	3,520	80001	3,560	280274,500	266
29/8/2014	3,550	3,460	3,550	3,460	57247	3,520	201107,670	198
1/9/2014	3,460	3,410	3,460	3,460	53284	3,460	183681,840	128
2/9/2014	3,500	3,400	3,490	3,440	38404	3,460	132915,610	162
3/9/2014	3,490	3,400	3,440	3,470	62326	3,440	215192,110	252
4/9/2014	3,550	3,400	3,430	3,550	61642	3,470	214955,010	211
5/9/2014	3,670	3,550	3,570	3,640	116422	3,550	419653,620	395
8/9/2014	3,680	3,580	3,660	3,680	40787	3,640	148474,180	140
9/9/2014	3,670	3,540	3,640	3,540	69100	3,680	247819,330	277
10/9/2014	3,580	3,500	3,520	3,560	31900	3,540	113073,960	220
11/9/2014	3,600	3,510	3,560	3,560	23481	3,560	83241,760	103
12/9/2014	3,560	3,490	3,520	3,550	41411	3,560	146151,710	132
15/9/2014	3,630	3,430	3,550	3,470	99800	3,550	348194,440	304
16/9/2014	3,560	3,410	3,470	3,450	259043	3,470	904233,810	564
17/9/2014	3,510	3,420	3,460	3,450	104273	3,450	360973,370	341
18/9/2014	3,520	3,260	3,500	3,300	274676	3,450	912028,990	540
19/9/2014	3,410	3,270	3,360	3,390	286767	3,300	960620,090	510
22/9/2014	3,430	3,350	3,390	3,400	85594	3,390	290090,880	253
23/9/2014	3,400	3,280	3,400	3,350	127998	3,400	425958,380	392
24/9/2014	3,480	3,330	3,350	3,390	301410	3,350	1024187,060	650
25/9/2014	3,430	3,260	3,410	3,290	107723	3,390	358535,190	333
26/9/2014	3,300	3,130	3,300	3,200	133259	3,290	427993,750	450
29/9/2014	3,200	2,990	3,150	3,200	473598	3,200	1461209,800	1075
30/9/2014	3,220	3,090	3,200	3,200	203312	3,200	648569,410	571
1/10/2014	3,310	3,180	3,280	3,200	189961	3,200	611834,020	498
2/10/2014	3,280	3,110	3,200	3,150	153352	3,200	490530,710	419
3/10/2014	3,220	3,120	3,220	3,200	396023	3,150	1248238,400	605
6/10/2014	3,270	3,140	3,200	3,260	83373	3,200	268767,010	301
7/10/2014	3,260	3,110	3,260	3,140	162383	3,260	512886,820	432
8/10/2014	3,210	3,060	3,140	3,210	152352	3,140	482302,400	549
9/10/2014	3,250	3,180	3,210	3,240	54029	3,210	173600,930	208
10/10/2014	3,220	3,150	3,210	3,180	175820	3,240	559252,730	492
13/10/2014	3,210	3,140	3,180	3,170	63371	3,180	201169,780	279
14/10/2014	3,170	2,860	3,170	2,930	320628	3,170	948318,580	954
15/10/2014	2,960	2,360	2,960	2,460	901873	2,930	2322188,730	2033
16/10/2014	2,530	2,210	2,520	2,250	788464	2,460	1816357,380	1575
17/10/2014	2,490	2,300	2,300	2,470	1048378	2,250	2514497,960	1663
20/10/2014	2,610	2,380	2,520	2,440	637671	2,470	1588489,030	1043
21/10/2014	2,590	2,420	2,440	2,590	681952	2,440	1712364,440	889
22/10/2014	2,620	2,490	2,600	2,570	374418	2,590	961092,730	625
23/10/2014	2,560	2,460	2,510	2,500	263181	2,570	661150,060	694
24/10/2014	2,580	2,400	2,510	2,400	318685	2,500	794713,250	749
27/10/2014	2,510	2,150	2,440	2,200	570110	2,400	1306106,150	1335
29/10/2014	2,260	2,080	2,250	2,090	503485	2,200	1091257,530	1118
30/10/2014	2,120	1,920	2,110	2,050	937651	2,090	1860347,210	1144
31/10/2014	2,140	1,980	2,110	2,040	413821	2,050	850848,830	856
3/11/2014	2,220	2,020	2,040	2,220	442229	2,040	947536,930	675
4/11/2014	2,380	2,220	2,220	2,300	468573	2,220	1083412,400	702
5/11/2014	2,410	2,270	2,270	2,380	272255	2,300	642326,110	503
6/11/2014	2,420	2,350	2,390	2,410	227880	2,380	543219,000	528
7/11/2014	2,400	2,140	2,370	2,180	413497	2,410	920279,000	897
10/11/2014	2,170	2,040	2,130	2,170	307298	2,180	645724,000	703
11/11/2014	2,200	2,060	2,190	2,100	339020	2,170	721152,000	556
12/11/2014	2,120	2,000	2,070	2,000	206710	2,100	421776,000	577
13/11/2014	2,060	1,980	2,030	2,060	257800	2,000	523800,000	579
14/11/2014	2,120	2,050	2,080	2,100	178611	2,060	373592,000	622
17/11/2014	2,110	2,020	2,100	2,060	109949	2,100	226257,000	331
18/11/2014	2,190	2,060	2,060	2,190	249300	2,060	531908,000	551
19/11/2014	2,290	2,170	2,190	2,260	538464	2,190	1211298,000	1016
20/11/2014	2,370	2,240	2,260	2,360	518401	2,260	1205760,000	922
21/11/2014	2,450	2,360	2,380	2,440	703377	2,360	1698087,000	792
24/11/2014	2,460	2,330	2,410	2,420	329151	2,440	791450,000	694
25/11/2014	2,460	2,310	2,400	2,400	296386	2,420	710868,000	585
26/11/2014	2,450	2,290	2,350	2,450	252065	2,400	605832,000	619
27/11/2014	2,440	2,280	2,420	2,350	286355	2,450	668001,000	632
28/11/2014	2,400	2,330	2,330	2,340	98807	2,350	233461,000	319
1/12/2014	2,420	2,180	2,350	2,380	333613	2,340	769967,000	633
2/12/2014	2,460	2,350	2,350	2,450	528143	2,380	1288586,000	780
3/12/2014	2,570	2,390	2,390	2,550	797381	2,450	1993315,000	813
4/12/2014	2,690	2,550	2,590	2,580	684832	2,550	1805029,000	1106
5/12/2014	2,750	2,550	2,570	2,700	567236	2,580	1521735,000	784
8/12/2014	2,770	2,650	2,700	2,750	282678	2,700	772528,000	485
9/12/2014	2,550	2,150	2,500	2,310	823268	2,750	1953713,000	1311
10/12/2014	2,280	2,060	2,200	2,270	513612	2,310	1127548,000	1228
11/12/2014	2,290	1,900	2,230	1,970	598758	2,270	1238556,000	1262
12/12/2014	2,060	1,950	1,990	1,980	414399	1,970	832326,000	1043
15/12/2014	2,060	1,970	1,970	2,010	251277	1,980	508070,000	593
16/12/2014	2,050	2,000	2,000	2,010	199035	2,010	401307,000	486
17/12/2014	2,100	2,000	2,010	2,100	318367	2,010	660116,000	563
18/12/2014	2,170	2,010	2,040	2,160	408105	2,100	853186,000	739
19/12/2014	2,220	2,110	2,160	2,210	294610	2,160	641972,000	677
22/12/2014	2,230	2,150	2,210	2,180	224961	2,210	493976,000	430
23/12/2014	2,160	2,000	2,160	2,100	250033	2,180	517476,000	501
29/12/2014	2,010	1,720	1,810	1,970	315048	2,100	587238,000	625
30/12/2014	2,020	1,870	1,970	1,880	124871	1,970	242522,000	286
31/12/2014	1,930	1,850	1,900	1,890	63074	1,880	119189,000	191
2/1/2015	1,980	1,900	1,910	1,960	91656	1,890	179092,000	200
5/1/2015	1,970	1,850	1,970	1,860	132316	1,960	250923,000	349
7/1/2015	1,890	1,750	1,810	1,850	227872	1,860	416164,000	532
8/1/2015	1,900	1,750	1,890	1,780	118732	1,850	213489,000	310
9/1/2015	1,840	1,770	1,800	1,800	284332	1,780	512917,000	232
12/1/2015	1,920	1,800	1,800	1,900	160774	1,800	300082,000	393
13/1/2015	1,970	1,880	1,900	1,920	213151	1,900	412369,000	503
14/1/2015	1,960	1,880	1,920	1,880	220885	1,920	423359,000	368
15/1/2015	1,920	1,830	1,900	1,830	82943	1,880	154043,000	215
16/1/2015	1,850	1,770	1,850	1,830	286265	1,830	518236,000	334
19/1/2015	1,950	1,780	1,800	1,950	140970	1,830	261755,000	251
20/1/2015	1,950	1,880	1,920	1,880	131643	1,950	252484,000	314
21/1/2015	1,870	1,820	1,840	1,840	195528	1,880	360102,000	275
22/1/2015	1,890	1,790	1,830	1,800	256142	1,840	465533,000	579
23/1/2015	1,960	1,800	1,800	1,880	444585	1,800	848238,000	696
26/1/2015	2,050	1,770	1,880	1,880	269815	1,880	517059,000	691
27/1/2015	1,950	1,780	1,890	1,890	156606	1,880	295073,000	432
28/1/2015	1,860	1,680	1,830	1,740	241803	1,890	423891,000	605
29/1/2015	1,820	1,700	1,740	1,820	104307	1,740	185681,000	305
30/1/2015	1,850	1,700	1,820	1,750	131497	1,820	235383,000	413
2/2/2015	1,990	1,830	1,840	1,990	205019	1,750	393504,000	412
3/2/2015	2,310	2,020	2,020	2,260	473816	1,990	1041427,000	880
4/2/2015	2,310	2,100	2,180	2,230	213585	2,260	473699,000	482
5/2/2015	2,140	1,970	2,000	2,110	171576	2,230	354544,000	393
6/2/2015	2,160	1,900	2,110	1,970	212985	2,110	431927,000	417
9/2/2015	1,880	1,780	1,880	1,790	184102	1,970	335369,000	419
10/2/2015	2,040	1,820	1,870	2,020	301488	1,790	581856,000	670
11/2/2015	1,950	1,860	1,950	1,920	177096	2,020	337416,000	355
12/2/2015	2,110	2,000	2,040	2,070	454295	1,920	931600,000	636
13/2/2015	2,280	2,170	2,210	2,230	610149	2,070	1352872,000	924
16/2/2015	2,150	2,040	2,120	2,080	264256	2,230	551680,000	434
17/2/2015	2,100	1,950	2,000	2,000	416316	2,080	841381,000	878
18/2/2015	2,110	2,000	2,080	2,020	415630	2,000	844394,000	590
19/2/2015	2,240	2,010	2,090	2,110	352598	2,020	748153,000	642
20/2/2015	2,180	2,040	2,140	2,100	194302	2,110	409771,000	405
24/2/2015	2,400	2,210	2,250	2,400	393888	2,100	904548,000	745
25/2/2015	2,470	2,350	2,420	2,380	263907	2,400	635433,000	559
26/2/2015	2,350	2,260	2,340	2,320	194458	2,380	446558,000	418
27/2/2015	2,280	2,100	2,280	2,240	304748	2,320	663135,000	505
2/3/2015	2,270	2,110	2,200	2,270	277904	2,240	618342,000	472
3/3/2015	2,380	2,290	2,340	2,370	162723	2,270	381341,000	333
4/3/2015	2,400	2,230	2,350	2,310	233530	2,370	535915,000	445
5/3/2015	2,360	2,250	2,260	2,360	136169	2,310	312854,000	338
6/3/2015	2,370	2,240	2,320	2,270	121607	2,360	280190,000	273
9/3/2015	2,220	2,050	2,220	2,050	239230	2,270	507839,000	546
10/3/2015	2,200	2,020	2,170	2,050	287307	2,050	603742,000	573
11/3/2015	2,050	1,910	2,040	1,960	327873	2,050	648318,000	624
12/3/2015	2,000	1,930	1,980	1,990	181157	1,960	355420,000	367
13/3/2015	2,030	1,850	1,990	1,850	303791	1,990	584829,000	737
16/3/2015	1,900	1,710	1,890	1,790	212190	1,850	378647,000	562
17/3/2015	1,880	1,800	1,840	1,810	119891	1,790	219685,000	295
18/3/2015	1,790	1,630	1,740	1,630	207332	1,810	346460,000	605
19/3/2015	1,700	1,580	1,650	1,600	189174	1,630	307360,000	477
20/3/2015	1,700	1,560	1,690	1,630	565596	1,600	917996,000	712
23/3/2015	1,650	1,540	1,640	1,640	529651	1,630	852682,000	798
24/3/2015	1,770	1,670	1,700	1,730	335227	1,640	577509,000	634
26/3/2015	1,690	1,590	1,680	1,620	219047	1,730	358097,000	515
27/3/2015	1,680	1,590	1,650	1,590	164618	1,620	266974,000	347
30/3/2015	1,660	1,520	1,580	1,650	145138	1,590	233765,000	298
31/3/2015	1,770	1,670	1,680	1,730	211780	1,650	366233,000	377
1/4/2015	1,780	1,690	1,780	1,760	104555	1,730	182197,000	231
2/4/2015	1,770	1,660	1,770	1,720	95475	1,760	162903,000	179
7/4/2015	1,740	1,680	1,720	1,680	23638	1,720	40121,000	74
8/4/2015	1,680	1,610	1,680	1,610	44436	1,680	73129,000	103
9/4/2015	1,670	1,610	1,630	1,640	18801	1,610	30703,000	80
14/4/2015	1,640	1,550	1,610	1,570	75671	1,640	119938,000	287
15/4/2015	1,570	1,430	1,570	1,510	165734	1,570	246604,000	348
16/4/2015	1,480	1,400	1,470	1,460	276702	1,510	400814,000	524
17/4/2015	1,510	1,380	1,500	1,400	145089	1,460	207449,000	282
20/4/2015	1,460	1,350	1,430	1,350	88238	1,400	123410,000	257
21/4/2015	1,350	1,220	1,350	1,350	253812	1,350	324184,000	533
22/4/2015	1,340	1,200	1,330	1,340	298579	1,350	381789,000	558
23/4/2015	1,390	1,310	1,350	1,380	135961	1,340	183494,000	322
24/4/2015	1,500	1,410	1,410	1,460	285198	1,380	414983,000	576
27/4/2015	1,650	1,440	1,460	1,640	250690	1,460	391386,000	474
28/4/2015	1,720	1,610	1,690	1,720	248487	1,640	414537,000	500
29/4/2015	1,710	1,600	1,700	1,620	212453	1,720	352388,000	432
30/4/2015	1,780	1,580	1,620	1,770	224693	1,620	377998,000	475
4/5/2015	1,790	1,700	1,720	1,730	175119	1,770	304250,000	414
5/5/2015	1,710	1,620	1,680	1,650	211342	1,730	350986,000	429
6/5/2015	1,700	1,570	1,650	1,620	392345	1,650	643386,000	761
7/5/2015	1,900	1,690	1,710	1,840	743627	1,620	1307993,000	1105
8/5/2015	1,850	1,780	1,840	1,830	137441	1,840	249409,000	261
11/5/2015	1,790	1,710	1,720	1,760	210886	1,830	368620,000	395
12/5/2015	1,840	1,720	1,750	1,830	147502	1,760	264746,000	303
13/5/2015	1,830	1,730	1,780	1,750	386583	1,830	685570,000	805
14/5/2015	1,790	1,700	1,750	1,740	126559	1,750	221506,000	372
15/5/2015	1,790	1,690	1,780	1,720	143133	1,740	246503,000	290
18/5/2015	1,800	1,650	1,680	1,750	157361	1,720	271399,000	357
19/5/2015	1,870	1,760	1,800	1,820	187694	1,750	341238,000	599
20/5/2015	1,860	1,770	1,820	1,790	100367	1,820	182213,000	310
21/5/2015	1,820	1,780	1,790	1,790	128846	1,790	231501,000	286
22/5/2015	1,860	1,770	1,790	1,790	76005	1,790	137298,000	192
25/5/2015	1,760	1,700	1,740	1,700	57814	1,790	99973,000	168
26/5/2015	1,750	1,690	1,700	1,740	133196	1,700	230996,000	280
27/5/2015	1,910	1,730	1,760	1,910	110548	1,740	199427,000	240
28/5/2015	1,950	1,830	1,850	1,840	291453	1,910	550035,000	709
29/5/2015	1,840	1,710	1,810	1,710	675310	1,840	1174732,000	706
2/6/2015	1,840	1,760	1,780	1,780	190991	1,710	342367,000	408
3/6/2015	1,910	1,810	1,830	1,890	297115	1,780	557802,000	552
4/6/2015	1,890	1,800	1,800	1,880	115314	1,890	212288,000	276
5/6/2015	1,840	1,690	1,800	1,750	276946	1,880	483580,000	529
8/6/2015	1,780	1,660	1,740	1,730	101445	1,750	175609,000	296
9/6/2015	1,750	1,660	1,740	1,660	322633	1,730	551013,000	377
10/6/2015	1,680	1,550	1,660	1,600	284884	1,660	457547,000	526
11/6/2015	1,800	1,700	1,700	1,790	245637	1,600	428645,000	426
12/6/2015	1,740	1,570	1,690	1,640	352410	1,790	585431,000	692
15/6/2015	1,560	1,490	1,540	1,550	174278	1,640	265282,000	451
16/6/2015	1,570	1,440	1,520	1,520	166392	1,550	249851,000	491
17/6/2015	1,550	1,360	1,490	1,460	189819	1,520	276432,000	387
18/6/2015	1,540	1,360	1,480	1,540	215481	1,460	317207,000	549
19/6/2015	1,640	1,480	1,500	1,590	240109	1,540	373726,000	481
22/6/2015	1,780	1,580	1,650	1,720	276168	1,590	470014,000	763
23/6/2015	1,800	1,720	1,760	1,800	208385	1,720	369083,000	662
24/6/2015	1,770	1,660	1,770	1,750	136389	1,800	233392,000	514
25/6/2015	1,790	1,640	1,660	1,750	179699	1,750	312326,000	509
26/6/2015	1,820	1,680	1,690	1,790	99518	1,750	174028,000	372
3/8/2015	1,360	1,260	1,260	1,260	317835	1,790	406404,000	367
4/8/2015	1,380	1,230	1,230	1,380	392527	1,260	525777,000	486
5/8/2015	1,450	1,360	1,420	1,410	274109	1,380	387644,000	528
6/8/2015	1,480	1,410	1,460	1,460	95378	1,410	137827,000	250
7/8/2015	1,670	1,450	1,460	1,590	211967	1,460	336740,000	310
10/8/2015	1,670	1,550	1,670	1,630	215880	1,590	343452,000	418
11/8/2015	1,690	1,610	1,670	1,690	183516	1,630	303058,000	348
12/8/2015	1,670	1,600	1,630	1,660	31093	1,690	50819,000	114
13/8/2015	1,670	1,630	1,640	1,650	36084	1,660	59581,000	159
14/8/2015	1,630	1,510	1,630	1,520	81758	1,650	125427,000	176
17/8/2015	1,650	1,550	1,550	1,650	94225	1,520	150756,000	204
18/8/2015	1,690	1,580	1,620	1,660	33536	1,650	55231,000	111
19/8/2015	1,700	1,630	1,650	1,680	32406	1,660	54109,000	91
20/8/2015	1,650	1,530	1,630	1,600	129146	1,680	202683,000	288
21/8/2015	1,620	1,510	1,530	1,600	157473	1,600	244445,000	267
24/8/2015	1,520	1,320	1,520	1,460	198608	1,600	282530,000	440
25/8/2015	1,550	1,450	1,450	1,530	165780	1,460	250400,000	376
26/8/2015	1,560	1,460	1,530	1,550	49559	1,530	75539,000	153
27/8/2015	1,570	1,470	1,540	1,550	82789	1,550	125443,000	199
28/8/2015	1,570	1,500	1,560	1,550	34150	1,550	52666,000	101
31/8/2015	1,550	1,480	1,550	1,520	34698	1,550	52527,000	110
1/9/2015	1,530	1,440	1,460	1,520	37285	1,520	55524,000	129
2/9/2015	1,540	1,500	1,530	1,540	37293	1,520	56706,000	64
3/9/2015	1,600	1,530	1,570	1,580	102533	1,540	161524,000	223
4/9/2015	1,580	1,530	1,530	1,560	30171	1,580	47243,000	67
7/9/2015	1,630	1,550	1,580	1,630	31680	1,560	50756,000	86
8/9/2015	1,750	1,610	1,650	1,680	232154	1,630	392007,000	363
9/9/2015	1,710	1,600	1,700	1,620	59172	1,680	97176,000	149
10/9/2015	1,690	1,590	1,590	1,670	106923	1,620	177682,000	256
11/9/2015	1,740	1,630	1,670	1,630	207694	1,670	350769,000	381
14/9/2015	1,650	1,560	1,630	1,640	37104	1,630	60104,000	124
15/9/2015	1,670	1,600	1,640	1,670	35805	1,640	59167,000	95
16/9/2015	1,750	1,670	1,670	1,750	82416	1,670	141150,000	191
17/9/2015	1,800	1,700	1,750	1,790	133489	1,750	234611,000	278
18/9/2015	1,770	1,710	1,760	1,770	170256	1,790	296198,000	288
21/9/2015	1,760	1,670	1,720	1,730	131449	1,770	225766,000	316
22/9/2015	1,760	1,630	1,760	1,660	107363	1,730	180022,000	231
23/9/2015	1,700	1,620	1,660	1,690	81467	1,660	135937,000	155
24/9/2015	1,780	1,650	1,660	1,780	72557	1,690	126917,000	235
25/9/2015	1,820	1,760	1,790	1,790	28923	1,780	51660,000	97
28/9/2015	1,790	1,690	1,790	1,750	49747	1,790	85833,000	141
29/9/2015	1,730	1,670	1,680	1,680	59122	1,750	100477,000	150
30/9/2015	1,700	1,640	1,670	1,680	42630	1,680	71109,000	112
1/10/2015	1,670	1,610	1,660	1,650	90459	1,680	147524,000	184
2/10/2015	1,650	1,600	1,650	1,650	49170	1,650	79910,000	122
5/10/2015	1,790	1,610	1,650	1,790	295462	1,650	509165,000	474
6/10/2015	1,870	1,730	1,800	1,750	360229	1,790	648409,000	516
7/10/2015	1,780	1,730	1,750	1,760	81656	1,750	143977,000	238
8/10/2015	1,810	1,720	1,720	1,800	103470	1,760	183898,000	247
9/10/2015	1,830	1,760	1,820	1,780	101140	1,800	180573,000	188
12/10/2015	1,800	1,740	1,750	1,790	42140	1,780	74687,000	107
13/10/2015	1,770	1,730	1,760	1,750	42827	1,790	74788,000	148
14/10/2015	1,740	1,700	1,740	1,740	29807	1,750	51378,000	73
15/10/2015	1,790	1,700	1,700	1,780	68323	1,740	120608,000	166
16/10/2015	1,800	1,740	1,800	1,760	62684	1,780	110645,000	149
19/10/2015	1,780	1,740	1,770	1,740	16619	1,760	29248,000	46
20/10/2015	1,770	1,730	1,730	1,760	27277	1,740	47570,000	88
21/10/2015	1,840	1,740	1,750	1,820	206412	1,760	371333,000	273
22/10/2015	1,880	1,820	1,850	1,860	123932	1,820	230738,000	274
23/10/2015	1,900	1,840	1,870	1,860	60966	1,860	114109,000	151
26/10/2015	1,890	1,800	1,850	1,870	60357	1,860	111501,000	141
27/10/2015	2,020	1,840	1,890	1,980	703699	1,870	1383919,000	637
29/10/2015	2,000	1,930	1,980	1,950	40468	1,980	79276,000	117
30/10/2015	1,960	1,860	1,920	1,870	135636	1,950	257596,000	215
2/11/2015	1,910	1,840	1,870	1,890	63036	1,870	118527,000	233
3/11/2015	1,900	1,840	1,890	1,900	38913	1,890	72559,000	142
4/11/2015	1,910	1,840	1,910	1,860	42437	1,900	79134,000	143
5/11/2015	1,930	1,830	1,850	1,840	128043	1,860	240475,000	169
6/11/2015	1,860	1,810	1,830	1,820	40593	1,840	74237,000	108
9/11/2015	1,850	1,800	1,810	1,810	51887	1,820	94425,000	124
10/11/2015	1,830	1,780	1,810	1,830	20355	1,810	36602,000	86
11/11/2015	1,830	1,760	1,790	1,810	38406	1,830	68627,000	151
12/11/2015	1,810	1,740	1,810	1,770	43511	1,810	77054,000	135
13/11/2015	1,820	1,730	1,770	1,770	39147	1,770	68975,000	149
16/11/2015	1,760	1,700	1,730	1,750	45778	1,770	79105,000	147
17/11/2015	1,820	1,750	1,790	1,750	32053	1,750	57103,000	155
18/11/2015	1,790	1,720	1,720	1,740	157795	1,750	278337,000	190
19/11/2015	1,770	1,690	1,730	1,710	219294	1,740	376790,000	289
20/11/2015	1,730	1,680	1,690	1,700	56853	1,710	96551,000	106
23/11/2015	1,700	1,660	1,660	1,700	24714	1,700	41456,000	106
24/11/2015	1,700	1,650	1,670	1,700	70058	1,700	116861,000	169
25/11/2015	1,710	1,650	1,700	1,700	66582	1,700	112759,000	77
26/11/2015	1,700	1,680	1,700	1,700	419417	1,700	712778,000	81
27/11/2015	1,720	1,680	1,700	1,690	101970	1,700	173124,000	138
30/11/2015	1,720	1,640	1,700	1,640	85061	1,690	141322,000	155
1/12/2015	1,670	1,620	1,620	1,630	155640	1,640	255559,000	180
2/12/2015	1,650	1,590	1,640	1,640	182933	1,630	297693,000	280
3/12/2015	1,650	1,620	1,630	1,630	46557	1,640	75905,000	112
4/12/2015	1,630	1,590	1,620	1,620	84157	1,630	135130,000	164
7/12/2015	1,630	1,590	1,600	1,620	161282	1,620	259013,000	301
8/12/2015	1,650	1,490	1,600	1,530	406632	1,620	625816,000	666
9/12/2015	1,530	1,380	1,500	1,470	639031	1,530	929761,000	803
10/12/2015	1,500	1,450	1,470	1,480	108797	1,470	160115,000	163
11/12/2015	1,520	1,410	1,450	1,480	94897	1,480	137659,000	295
14/12/2015	1,490	1,380	1,480	1,480	91160	1,480	131532,000	264
15/12/2015	1,480	1,390	1,470	1,410	162110	1,480	231688,000	384
16/12/2015	1,510	1,350	1,410	1,470	193184	1,410	279430,000	446
17/12/2015	1,520	1,470	1,480	1,480	246698	1,470	367998,000	439
18/12/2015	1,490	1,440	1,480	1,480	150049	1,480	219169,000	301
21/12/2015	1,500	1,430	1,490	1,460	172779	1,480	251587,000	335
22/12/2015	1,540	1,470	1,490	1,470	257864	1,460	386249,000	457
23/12/2015	1,500	1,390	1,470	1,450	361834	1,470	523111,000	378
28/12/2015	1,460	1,400	1,450	1,450	68714	1,450	98379,000	150
29/12/2015	1,450	1,430	1,430	1,450	35311	1,450	50930,000	74
30/12/2015	1,490	1,460	1,460	1,460	29610	1,450	43642,000	77
31/12/2015	1,530	1,470	1,470	1,520	36505	1,460	54983,000	106
4/1/2016	1,550	1,480	1,480	1,520	52493	1,520	79898,000	139
5/1/2016	1,540	1,500	1,540	1,520	37644	1,520	57082,000	114
7/1/2016	1,490	1,410	1,490	1,490	100199	1,520	145550,000	224
8/1/2016	1,490	1,430	1,490	1,480	42140	1,490	61430,000	123
11/1/2016	1,470	1,440	1,470	1,450	85400	1,480	123898,000	253
12/1/2016	1,480	1,420	1,430	1,470	95021	1,450	138444,000	149
13/1/2016	1,480	1,420	1,480	1,430	109049	1,470	156551,000	138
14/1/2016	1,460	1,370	1,460	1,390	83503	1,430	116589,000	200
15/1/2016	1,400	1,330	1,400	1,370	78818	1,390	107287,000	167
18/1/2016	1,370	1,280	1,340	1,370	94357	1,370	125584,000	254
19/1/2016	1,400	1,310	1,400	1,380	49760	1,370	67357,000	167
20/1/2016	1,310	1,260	1,310	1,300	95941	1,380	124108,000	230
21/1/2016	1,300	1,250	1,280	1,270	165452	1,300	210809,000	366
22/1/2016	1,290	1,230	1,290	1,260	178723	1,270	225049,000	347
25/1/2016	1,330	1,260	1,270	1,310	105933	1,260	137635,000	189
26/1/2016	1,350	1,250	1,270	1,350	85913	1,310	113474,000	232
27/1/2016	1,380	1,310	1,350	1,350	91420	1,350	122596,000	212
28/1/2016	1,340	1,300	1,330	1,340	40446	1,350	53819,000	103
29/1/2016	1,360	1,300	1,350	1,360	432141	1,340	585604,000	180
1/2/2016	1,400	1,350	1,360	1,400	49214	1,360	68098,000	138
2/2/2016	1,420	1,360	1,400	1,400	24037	1,400	33374,000	102
3/2/2016	1,390	1,310	1,360	1,350	457853	1,400	617412,000	250
4/2/2016	1,350	1,250	1,350	1,300	121219	1,350	156181,000	242
5/2/2016	1,310	1,260	1,300	1,300	90248	1,300	116285,000	162
8/2/2016	1,280	1,170	1,260	1,230	201296	1,300	243308,000	391
9/2/2016	1,230	1,140	1,170	1,170	322013	1,230	376516,000	553
10/2/2016	1,190	1,120	1,180	1,150	141747	1,170	163051,000	254
11/2/2016	1,140	1,050	1,090	1,130	218424	1,150	238062,000	485
12/2/2016	1,180	1,110	1,140	1,130	120195	1,130	137678,000	229
15/2/2016	1,240	1,160	1,180	1,220	133017	1,130	158846,000	286
16/2/2016	1,230	1,160	1,220	1,180	74628	1,220	88727,000	184
17/2/2016	1,240	1,180	1,180	1,240	76159	1,180	93136,000	190
18/2/2016	1,260	1,200	1,240	1,220	46501	1,240	57033,000	136
19/2/2016	1,200	1,140	1,200	1,170	94311	1,220	109449,000	217
22/2/2016	1,220	1,140	1,190	1,200	72630	1,170	85908,000	143
23/2/2016	1,210	1,140	1,170	1,200	70161	1,200	83175,000	144
24/2/2016	1,200	1,130	1,170	1,160	110767	1,200	127462,000	234
25/2/2016	1,180	1,130	1,150	1,170	65588	1,160	75750,000	174
26/2/2016	1,220	1,150	1,150	1,220	60488	1,170	72623,000	185
29/2/2016	1,260	1,190	1,210	1,260	107234	1,220	132917,000	199
1/3/2016	1,280	1,230	1,230	1,270	60533	1,260	76378,000	219
2/3/2016	1,360	1,280	1,300	1,350	148574	1,270	197718,000	305
3/3/2016	1,420	1,350	1,350	1,410	106482	1,350	147613,000	313
4/3/2016	1,480	1,360	1,410	1,460	243933	1,410	350081,000	409
7/3/2016	1,470	1,400	1,440	1,430	174811	1,460	249173,000	335
8/3/2016	1,570	1,430	1,450	1,570	320956	1,430	487208,000	649
9/3/2016	1,640	1,520	1,550	1,540	484782	1,570	766817,000	416
10/3/2016	1,570	1,510	1,510	1,550	43533	1,540	67347,000	203
11/3/2016	1,580	1,510	1,510	1,580	96070	1,550	150015,000	221
15/3/2016	1,680	1,560	1,600	1,630	288774	1,580	472743,000	400
16/3/2016	1,650	1,560	1,650	1,560	85012	1,630	135362,000	200
17/3/2016	1,590	1,520	1,570	1,560	72350	1,560	111922,000	180
18/3/2016	1,580	1,510	1,560	1,570	596562	1,560	933818,000	385
21/3/2016	1,560	1,480	1,530	1,550	216274	1,570	327365,000	238
22/3/2016	1,550	1,480	1,500	1,550	47589	1,550	73115,000	73
23/3/2016	1,550	1,530	1,550	1,550	85929	1,550	132487,000	118
24/3/2016	1,540	1,490	1,520	1,540	257133	1,550	386686,000	129
29/3/2016	1,600	1,510	1,570	1,600	178987	1,540	276718,000	201
30/3/2016	1,660	1,610	1,610	1,650	446945	1,600	736782,000	296
31/3/2016	1,680	1,630	1,660	1,650	192309	1,650	319283,000	182
1/4/2016	1,650	1,610	1,610	1,650	62515	1,650	102956,000	98
4/4/2016	1,660	1,580	1,580	1,650	52114	1,650	85387,000	126
5/4/2016	1,650	1,620	1,620	1,650	66246	1,650	108356,000	97
6/4/2016	1,640	1,610	1,610	1,640	37734	1,650	61518,000	68
7/4/2016	1,640	1,610	1,620	1,640	24344	1,640	39698,000	63
8/4/2016	1,660	1,630	1,650	1,660	39353	1,640	65078,000	82
11/4/2016	1,670	1,640	1,660	1,660	28483	1,660	47312,000	62
12/4/2016	1,660	1,600	1,630	1,660	75411	1,660	122966,000	121
13/4/2016	1,650	1,600	1,650	1,600	110038	1,660	177153,000	127
14/4/2016	1,610	1,560	1,600	1,610	84517	1,600	134624,000	129
15/4/2016	1,670	1,610	1,630	1,670	115990	1,610	189078,000	147
18/4/2016	1,750	1,650	1,650	1,710	55183	1,670	94355,000	148
19/4/2016	1,770	1,700	1,700	1,750	131689	1,710	230101,000	134
20/4/2016	1,760	1,720	1,750	1,760	88665	1,750	154681,000	90
21/4/2016	1,750	1,690	1,720	1,740	86201	1,760	148871,000	159
22/4/2016	1,750	1,710	1,740	1,730	68957	1,740	119198,000	151
25/4/2016	1,730	1,660	1,710	1,720	90027	1,730	152380,000	186
26/4/2016	1,720	1,690	1,720	1,720	18198	1,720	31152,000	59
27/4/2016	1,690	1,620	1,630	1,690	108932	1,720	179114,000	144
28/4/2016	1,710	1,680	1,690	1,710	21527	1,690	36587,000	68
4/5/2016	1,750	1,680	1,680	1,740	35393	1,710	61499,000	106
5/5/2016	1,790	1,740	1,740	1,760	139000	1,740	246230,000	179
6/5/2016	1,770	1,720	1,760	1,770	161772	1,760	279547,000	163
9/5/2016	1,800	1,760	1,790	1,800	106695	1,770	190577,000	145
10/5/2016	1,860	1,790	1,820	1,820	396557	1,800	726511,000	414
11/5/2016	1,830	1,760	1,830	1,800	52463	1,820	94184,000	70
12/5/2016	1,800	1,770	1,770	1,800	79570	1,800	142783,000	144
13/5/2016	1,820	1,760	1,810	1,790	74005	1,800	132186,000	99
16/5/2016	1,820	1,780	1,790	1,790	96955	1,790	173935,000	200
17/5/2016	1,820	1,760	1,790	1,810	1021904	1,790	1838822,000	436
18/5/2016	1,890	1,800	1,820	1,860	449679	1,810	834570,000	622
19/5/2016	1,860	1,840	1,840	1,860	45452	1,860	84278,000	115
20/5/2016	1,890	1,840	1,850	1,860	152986	1,860	284753,000	292
23/5/2016	1,880	1,830	1,880	1,850	213782	1,860	395917,000	305
24/5/2016	1,860	1,780	1,830	1,840	236441	1,850	429474,000	299
25/5/2016	2,010	1,810	1,840	1,900	1406858	1,840	2707299,000	906
26/5/2016	1,930	1,870	1,900	1,900	84953	1,900	161267,000	163
27/5/2016	1,910	1,870	1,890	1,900	112535	1,900	212936,000	198
30/5/2016	1,910	1,850	1,900	1,900	44159	1,900	82987,000	108
31/5/2016	2,010	1,930	1,950	2,010	270175	1,900	533918,000	319
1/6/2016	2,010	1,960	2,000	2,000	46806	2,010	93116,000	165
2/6/2016	2,010	1,970	2,000	2,000	51782	2,000	103083,000	129
3/6/2016	2,050	1,990	1,990	2,030	113505	2,000	229351,000	206
6/6/2016	2,080	2,010	2,030	2,030	45210	2,030	91948,000	134
7/6/2016	2,060	2,000	2,040	2,050	66942	2,030	135247,000	162
8/6/2016	2,040	2,000	2,030	2,040	149301	2,050	302258,000	254
9/6/2016	2,080	2,020	2,060	2,080	77218	2,040	158021,000	209
10/6/2016	2,050	1,960	2,050	2,000	198802	2,080	396425,000	392
13/6/2016	1,950	1,850	1,890	1,950	190046	2,000	364020,000	350
14/6/2016	1,950	1,870	1,950	1,950	84821	1,950	163329,000	171
15/6/2016	1,990	1,880	1,980	1,900	114776	1,950	219240,000	230
16/6/2016	1,890	1,810	1,830	1,890	100212	1,900	187063,000	290
17/6/2016	1,990	1,860	1,890	1,990	106329	1,890	204778,000	274
21/6/2016	2,100	1,980	1,990	1,990	79779	1,990	161606,000	246
22/6/2016	1,990	1,930	1,960	1,990	100938	1,990	197765,000	189
23/6/2016	2,000	1,960	1,960	1,970	33016	1,990	65682,000	113
24/6/2016	1,780	1,620	1,670	1,780	242899	1,970	416065,000	432
27/6/2016	1,780	1,710	1,720	1,730	78599	1,780	135926,000	211
28/6/2016	1,770	1,710	1,730	1,740	54937	1,730	95586,000	182
29/6/2016	1,750	1,700	1,720	1,740	94244	1,740	163384,000	172
30/6/2016	1,760	1,710	1,740	1,750	51108	1,740	89097,000	198
1/7/2016	1,810	1,740	1,750	1,810	23716	1,750	42602,000	73
4/7/2016	1,840	1,780	1,790	1,810	27655	1,810	49619,000	86
5/7/2016	1,900	1,780	1,790	1,820	59111	1,810	108221,000	165
6/7/2016	1,850	1,790	1,820	1,850	80650	1,820	146199,000	147
7/7/2016	1,860	1,830	1,860	1,850	90612	1,850	166886,000	227
8/7/2016	1,900	1,830	1,900	1,830	43233	1,850	79839,000	178
11/7/2016	1,880	1,810	1,830	1,850	50749	1,830	93401,000	124
12/7/2016	1,900	1,840	1,860	1,890	76701	1,850	144183,000	181
13/7/2016	1,970	1,860	1,860	1,950	62660	1,890	121225,000	178
14/7/2016	1,990	1,930	1,950	1,940	14886	1,950	29139,000	71
15/7/2016	1,940	1,880	1,910	1,880	31684	1,940	60453,000	68
18/7/2016	1,900	1,850	1,870	1,850	12956	1,880	24257,000	43
19/7/2016	1,890	1,840	1,850	1,850	8687	1,850	16148,000	32
20/7/2016	1,920	1,850	1,860	1,920	23996	1,850	45208,000	79
21/7/2016	1,930	1,900	1,900	1,920	6582	1,920	12639,000	21
22/7/2016	1,960	1,920	1,950	1,930	19887	1,920	38575,000	60
25/7/2016	1,950	1,900	1,930	1,900	11205	1,930	21434,000	52
26/7/2016	1,950	1,890	1,890	1,930	30154	1,900	58072,000	91
27/7/2016	1,960	1,910	1,930	1,950	2893	1,930	5612,000	16
28/7/2016	1,970	1,930	1,950	1,960	17380	1,950	33963,000	84
29/7/2016	1,980	1,920	1,960	1,940	22068	1,960	42976,000	67
1/8/2016	1,980	1,940	1,940	1,980	11677	1,940	22935,000	68
2/8/2016	1,950	1,900	1,940	1,900	18559	1,980	35661,000	134
3/8/2016	1,920	1,860	1,900	1,900	11691	1,900	22054,000	66
4/8/2016	1,920	1,890	1,910	1,900	9977	1,900	18992,000	46
5/8/2016	1,950	1,900	1,940	1,920	9582	1,900	18441,000	49
8/8/2016	2,020	1,920	1,920	2,020	89028	1,920	176320,000	140
9/8/2016	2,090	1,990	2,020	2,020	106078	2,020	218278,000	184
10/8/2016	2,020	1,990	2,020	1,990	45797	2,020	91511,000	74
11/8/2016	2,010	1,950	1,980	1,950	28086	1,990	55402,000	130
12/8/2016	1,990	1,930	1,950	1,940	28559	1,950	55632,000	133
16/8/2016	1,960	1,930	1,940	1,960	4381	1,940	8563,000	17
17/8/2016	1,960	1,940	1,950	1,960	4255	1,960	8302,000	18
18/8/2016	1,980	1,950	1,960	1,970	5112	1,960	10032,000	20
19/8/2016	1,970	1,940	1,970	1,940	12968	1,970	25318,000	43
22/8/2016	1,960	1,920	1,940	1,940	6669	1,940	12926,000	102
23/8/2016	1,980	1,930	1,960	1,960	30920	1,940	60796,000	68
24/8/2016	1,960	1,920	1,960	1,940	11525	1,960	22382,000	58
25/8/2016	1,940	1,850	1,920	1,880	86510	1,940	163239,000	186
26/8/2016	1,890	1,860	1,860	1,880	36767	1,880	69046,000	78
29/8/2016	1,860	1,830	1,840	1,830	18502	1,880	34021,000	61
30/8/2016	1,840	1,780	1,830	1,800	73056	1,830	132196,000	215
31/8/2016	1,900	1,810	1,810	1,890	93343	1,800	172892,000	123
1/9/2016	1,940	1,860	1,890	1,920	54214	1,890	103078,000	95
2/9/2016	1,970	1,910	1,930	1,920	119085	1,920	233431,000	65
5/9/2016	1,920	1,870	1,870	1,900	8831	1,920	16620,000	53
6/9/2016	1,900	1,870	1,870	1,900	6813	1,900	12905,000	19
7/9/2016	1,900	1,870	1,880	1,900	8849	1,900	16771,000	20
8/9/2016	1,910	1,840	1,900	1,840	38186	1,900	71327,000	170
9/9/2016	1,840	1,790	1,840	1,800	44156	1,840	79768,000	120
12/9/2016	1,800	1,750	1,800	1,770	36071	1,800	63777,000	101
13/9/2016	1,810	1,730	1,810	1,770	22801	1,770	40176,000	83
14/9/2016	1,780	1,730	1,750	1,760	44139	1,770	77744,000	132
15/9/2016	1,780	1,700	1,780	1,700	80367	1,760	138258,000	172
16/9/2016	1,720	1,650	1,690	1,720	309695	1,700	526224,000	255
19/9/2016	1,780	1,740	1,760	1,760	28144	1,720	49738,000	66
20/9/2016	1,780	1,750	1,760	1,760	21635	1,760	38109,000	49
21/9/2016	1,780	1,750	1,780	1,760	25963	1,760	45677,000	70
22/9/2016	1,810	1,750	1,760	1,810	102360	1,760	181323,000	243
23/9/2016	1,830	1,760	1,820	1,820	45276	1,810	81652,000	160
26/9/2016	1,810	1,750	1,810	1,790	19727	1,820	35118,000	94
27/9/2016	1,800	1,760	1,790	1,800	18176	1,790	32271,000	61
28/9/2016	1,840	1,770	1,830	1,820	48190	1,800	87102,000	106
29/9/2016	1,850	1,810	1,840	1,830	17121	1,820	31188,000	66
30/9/2016	1,830	1,800	1,810	1,830	12287	1,830	22293,000	67
3/10/2016	1,870	1,810	1,840	1,870	17392	1,830	31974,000	52
4/10/2016	1,900	1,840	1,850	1,890	77867	1,870	146530,000	151
5/10/2016	1,940	1,890	1,900	1,890	123807	1,890	236681,000	341
6/10/2016	1,940	1,900	1,920	1,940	47784	1,890	91762,000	91
7/10/2016	2,050	1,940	1,960	2,050	270904	1,940	540689,000	357
10/10/2016	2,070	2,020	2,050	2,050	70774	2,050	145017,000	186
11/10/2016	2,110	2,020	2,050	2,020	87936	2,050	181318,000	202
12/10/2016	2,090	2,010	2,010	2,060	28249	2,020	58234,000	107
13/10/2016	2,050	2,000	2,030	2,050	51587	2,060	104635,000	158
14/10/2016	2,200	2,050	2,050	2,190	139810	2,050	300550,000	326
17/10/2016	2,180	2,100	2,160	2,150	126652	2,190	270179,000	223
18/10/2016	2,170	2,020	2,170	2,080	209772	2,150	436186,000	506
19/10/2016	2,130	2,030	2,080	2,130	103036	2,080	215867,000	157
20/10/2016	2,190	2,130	2,140	2,140	74483	2,130	161847,000	138
21/10/2016	2,160	2,090	2,140	2,110	50121	2,140	106249,000	116
24/10/2016	2,130	2,000	2,130	2,060	154298	2,110	313471,000	314
25/10/2016	2,060	2,020	2,030	2,060	24671	2,060	50426,000	100
26/10/2016	2,070	2,030	2,030	2,060	33190	2,060	68074,000	122
27/10/2016	2,100	2,020	2,060	2,090	117734	2,060	243278,000	313
31/10/2016	2,140	2,060	2,090	2,110	97210	2,090	205122,000	120
1/11/2016	2,120	2,090	2,110	2,110	38156	2,110	80225,000	83
2/11/2016	2,110	2,060	2,090	2,110	57619	2,110	119971,000	121
3/11/2016	2,110	2,070	2,090	2,110	31262	2,110	65418,000	72
4/11/2016	2,110	2,080	2,100	2,110	33804	2,110	70800,000	84
7/11/2016	2,160	2,080	2,140	2,110	92140	2,110	194553,000	193
8/11/2016	2,130	2,100	2,130	2,110	8132	2,110	17137,000	45
9/11/2016	2,100	2,050	2,070	2,090	85272	2,110	177039,000	200
10/11/2016	2,130	2,070	2,130	2,090	91898	2,090	192101,000	215
11/11/2016	2,110	2,070	2,090	2,090	12045	2,090	25149,000	50
14/11/2016	2,110	2,090	2,110	2,090	14245	2,090	29916,000	90
15/11/2016	2,130	2,090	2,130	2,100	9911	2,090	20848,000	44
16/11/2016	2,180	2,100	2,140	2,170	68434	2,100	147201,000	187
17/11/2016	2,280	2,150	2,170	2,270	83292	2,170	185693,000	170
18/11/2016	2,310	2,240	2,250	2,260	98202	2,270	223323,000	285
21/11/2016	2,270	2,220	2,260	2,240	39448	2,260	88483,000	152
22/11/2016	2,270	2,200	2,240	2,240	117078	2,240	260227,000	280
23/11/2016	2,320	2,210	2,220	2,290	136693	2,240	308677,000	183
24/11/2016	2,290	2,220	2,270	2,260	45822	2,290	103146,000	99
25/11/2016	2,250	2,150	2,240	2,250	79466	2,260	175954,000	221
28/11/2016	2,270	2,190	2,230	2,230	49392	2,250	109765,000	146
29/11/2016	2,260	2,200	2,210	2,230	28790	2,230	64303,000	88
30/11/2016	2,280	2,200	2,210	2,270	102689	2,230	229983,000	245
1/12/2016	2,240	2,160	2,240	2,190	86223	2,270	189690,000	196
2/12/2016	2,180	2,130	2,140	2,180	76936	2,190	166223,000	187
5/12/2016	2,200	2,150	2,200	2,150	70308	2,180	152018,000	139
6/12/2016	2,180	2,130	2,150	2,150	29435	2,150	63528,000	87
7/12/2016	2,270	2,170	2,180	2,240	66271	2,150	148119,000	183
8/12/2016	2,270	2,210	2,270	2,250	45091	2,240	100814,000	174
9/12/2016	2,230	2,150	2,220	2,190	75626	2,250	164842,000	183
12/12/2016	2,190	2,150	2,190	2,180	21895	2,190	47491,000	66
13/12/2016	2,200	2,160	2,160	2,200	17456	2,180	38093,000	57
14/12/2016	2,190	2,120	2,170	2,180	54900	2,200	118531,000	167
15/12/2016	2,140	2,050	2,140	2,100	146434	2,180	306753,000	393
16/12/2016	2,160	2,050	2,110	2,160	156123	2,100	326424,000	324
19/12/2016	2,170	2,090	2,170	2,140	54177	2,160	115210,000	163
20/12/2016	2,140	2,090	2,130	2,140	35797	2,140	76069,000	126
21/12/2016	2,190	2,110	2,120	2,190	44746	2,140	96757,000	187
22/12/2016	2,220	2,140	2,200	2,220	55290	2,190	121348,000	166
23/12/2016	2,200	2,150	2,200	2,190	41283	2,220	89851,000	122
27/12/2016	2,250	2,200	2,200	2,240	25292	2,190	56444,000	86
28/12/2016	2,260	2,230	2,240	2,260	51563	2,240	115963,000	182
29/12/2016	2,270	2,210	2,240	2,270	26389	2,260	59469,000	61
30/12/2016	2,280	2,250	2,270	2,280	29378	2,270	66705,000	89
2/1/2017	2,290	2,250	2,250	2,290	14434	2,280	32968,000	54
3/1/2017	2,300	2,260	2,290	2,300	31160	2,290	71372,000	127
4/1/2017	2,360	2,310	2,340	2,350	74007	2,300	173697,000	199
5/1/2017	2,380	2,330	2,330	2,370	32512	2,350	76664,000	97
9/1/2017	2,380	2,340	2,350	2,380	18999	2,370	45035,000	78
10/1/2017	2,420	2,330	2,380	2,370	50208	2,380	119500,000	145
11/1/2017	2,370	2,350	2,360	2,370	56563	2,370	133867,000	78
12/1/2017	2,390	2,360	2,370	2,370	18789	2,370	44599,000	74
13/1/2017	2,370	2,290	2,370	2,340	54929	2,370	127432,000	147
16/1/2017	2,340	2,290	2,310	2,340	22412	2,340	52113,000	73
17/1/2017	2,330	2,270	2,320	2,330	131023	2,340	302256,000	200
18/1/2017	2,360	2,310	2,310	2,330	35467	2,330	82853,000	89
19/1/2017	2,380	2,330	2,330	2,360	17506	2,330	41188,000	66
20/1/2017	2,360	2,320	2,360	2,350	72418	2,360	169702,000	100
23/1/2017	2,350	2,320	2,330	2,350	47654	2,350	111707,000	73
24/1/2017	2,400	2,350	2,390	2,370	59493	2,350	140823,000	132
25/1/2017	2,420	2,360	2,360	2,380	62265	2,370	148487,000	165
26/1/2017	2,390	2,350	2,380	2,380	25620	2,380	60832,000	83
27/1/2017	2,370	2,310	2,370	2,340	117317	2,380	273600,000	212
30/1/2017	2,350	2,260	2,310	2,320	128399	2,340	296527,000	283
31/1/2017	2,310	2,250	2,310	2,260	266492	2,320	602752,000	131
1/2/2017	2,370	2,220	2,370	2,280	79365	2,260	180101,000	189
2/2/2017	2,310	2,260	2,260	2,300	115927	2,280	266006,000	139
3/2/2017	2,300	2,280	2,300	2,300	136162	2,300	312995,000	97
6/2/2017	2,310	2,270	2,300	2,300	43556	2,300	99601,000	193
7/2/2017	2,380	2,250	2,380	2,300	142147	2,300	325109,000	374
8/2/2017	2,290	2,230	2,290	2,250	70148	2,300	158003,000	207
9/2/2017	2,260	2,210	2,240	2,260	54839	2,250	122702,000	199
10/2/2017	2,300	2,250	2,260	2,300	61025	2,260	139556,000	170
13/2/2017	2,300	2,260	2,260	2,300	41819	2,300	96029,000	86
14/2/2017	2,300	2,260	2,260	2,280	68422	2,300	156035,000	153
15/2/2017	2,280	2,240	2,260	2,280	53529	2,280	121255,000	137
16/2/2017	2,290	2,260	2,260	2,280	31036	2,280	70629,000	103
17/2/2017	2,310	2,250	2,300	2,280	113879	2,280	261001,000	156
20/2/2017	2,280	2,260	2,280	2,280	27319	2,280	62183,000	77
21/2/2017	2,310	2,270	2,280	2,280	145573	2,280	332311,000	221
22/2/2017	2,270	2,250	2,260	2,260	39309	2,280	88753,000	97
23/2/2017	2,260	2,210	2,260	2,260	57319	2,260	128300,000	146
24/2/2017	2,260	2,230	2,260	2,260	47439	2,260	106739,000	123
28/2/2017	2,260	2,230	2,230	2,260	44903	2,260	101046,000	97
1/3/2017	2,300	2,240	2,260	2,260	63426	2,260	144312,000	165
2/3/2017	2,280	2,250	2,250	2,270	21618	2,260	48900,000	58
3/3/2017	2,280	2,220	2,270	2,220	52765	2,270	117818,000	135
6/3/2017	2,240	2,210	2,210	2,220	27817	2,220	61713,000	62
7/3/2017	2,220	2,200	2,220	2,200	39983	2,220	88141,000	87
8/3/2017	2,360	2,220	2,240	2,330	133084	2,200	305934,000	305
9/3/2017	2,340	2,300	2,340	2,320	28106	2,330	65275,000	79
10/3/2017	2,330	2,280	2,280	2,290	24042	2,320	55219,000	120
13/3/2017	2,320	2,250	2,260	2,250	21357	2,290	48724,000	57
14/3/2017	2,270	2,220	2,240	2,250	62437	2,250	140090,000	115
15/3/2017	2,280	2,240	2,240	2,270	28761	2,250	64713,000	75
16/3/2017	2,320	2,270	2,270	2,320	68630	2,270	157959,000	165
17/3/2017	2,420	2,320	2,330	2,360	289202	2,320	687858,000	298
20/3/2017	2,350	2,300	2,330	2,330	79867	2,360	185781,000	115
21/3/2017	2,370	2,310	2,310	2,360	102894	2,330	241678,000	152
22/3/2017	2,360	2,330	2,350	2,350	22040	2,360	51672,000	76
23/3/2017	2,350	2,320	2,330	2,340	34035	2,350	79550,000	79
24/3/2017	2,340	2,290	2,300	2,310	61974	2,340	142688,000	121
27/3/2017	2,320	2,280	2,310	2,290	67938	2,310	156327,000	185
28/3/2017	2,350	2,300	2,300	2,340	267002	2,290	621118,000	331
29/3/2017	2,400	2,330	2,330	2,390	147968	2,340	350541,000	251
30/3/2017	2,490	2,380	2,390	2,480	152869	2,390	373056,000	378
31/3/2017	2,510	2,420	2,460	2,460	143712	2,480	355008,000	357
3/4/2017	2,470	2,420	2,440	2,450	41830	2,460	102433,000	102
4/4/2017	2,470	2,430	2,450	2,440	42967	2,450	105116,000	86
5/4/2017	2,450	2,400	2,450	2,450	64561	2,440	156554,000	153
6/4/2017	2,610	2,460	2,460	2,610	206788	2,450	523308,000	292
7/4/2017	2,690	2,570	2,610	2,570	297482	2,610	783061,000	283
10/4/2017	2,590	2,520	2,550	2,530	180624	2,570	458517,000	92
11/4/2017	2,670	2,530	2,530	2,670	171562	2,530	453253,000	285
12/4/2017	2,730	2,620	2,670	2,620	205942	2,670	557350,000	196
13/4/2017	2,700	2,620	2,630	2,700	181308	2,620	482914,000	145
18/4/2017	2,730	2,680	2,700	2,730	32825	2,700	88570,000	79
19/4/2017	2,730	2,690	2,700	2,710	57349	2,730	155566,000	136
20/4/2017	2,710	2,670	2,690	2,670	45335	2,710	121572,000	104
21/4/2017	2,690	2,650	2,670	2,680	60083	2,670	160017,000	141
24/4/2017	2,760	2,690	2,730	2,740	104347	2,680	285462,000	174
25/4/2017	2,760	2,720	2,730	2,760	136823	2,740	375227,000	212
26/4/2017	2,780	2,730	2,770	2,740	301537	2,760	831415,000	175
27/4/2017	2,850	2,730	2,740	2,840	181364	2,740	509064,000	340
28/4/2017	2,870	2,800	2,850	2,860	377147	2,840	1072379,000	253
2/5/2017	2,960	2,900	2,920	2,920	353733	2,860	1037832,000	471
3/5/2017	3,020	2,890	2,890	2,990	331763	2,920	979312,000	360
4/5/2017	3,060	2,950	2,990	2,970	325137	2,990	978371,000	451
5/5/2017	3,080	2,920	2,970	3,080	243090	2,970	731252,000	340
8/5/2017	3,210	3,040	3,080	3,200	451612	3,080	1416794,000	344
9/5/2017	3,340	3,170	3,220	3,300	273154	3,200	896595,000	535
10/5/2017	3,360	3,280	3,280	3,360	196112	3,300	650011,000	472
11/5/2017	3,390	3,300	3,360	3,350	192158	3,360	643426,000	373
12/5/2017	3,380	3,300	3,350	3,380	132884	3,350	446096,000	273
15/5/2017	3,420	3,360	3,380	3,360	114411	3,380	386868,000	280
16/5/2017	3,410	3,360	3,400	3,390	102400	3,360	346638,000	349
17/5/2017	3,470	3,370	3,370	3,390	131422	3,390	451056,000	345
18/5/2017	3,390	3,320	3,390	3,370	136570	3,390	458022,000	400
19/5/2017	3,400	3,310	3,400	3,310	127994	3,370	428969,000	299
22/5/2017	3,310	3,230	3,310	3,270	89037	3,310	291119,000	286
23/5/2017	3,370	3,210	3,210	3,350	254120	3,270	843616,000	452
24/5/2017	3,380	3,240	3,370	3,260	128018	3,350	425048,000	300
25/5/2017	3,290	3,140	3,290	3,250	107841	3,260	345502,000	326
26/5/2017	3,290	3,210	3,220	3,270	54865	3,250	177822,000	170
29/5/2017	3,400	3,200	3,270	3,400	135356	3,270	448797,000	302
30/5/2017	3,490	3,400	3,400	3,470	227895	3,400	788670,000	232
31/5/2017	3,650	3,450	3,470	3,540	178721	3,470	641371,000	503
1/6/2017	3,660	3,540	3,540	3,660	95840	3,540	347048,000	288
2/6/2017	3,770	3,660	3,660	3,690	232690	3,660	861027,000	388
6/6/2017	3,770	3,550	3,750	3,620	156158	3,690	578613,000	343
7/6/2017	3,670	3,510	3,520	3,600	155877	3,620	560183,000	375
8/6/2017	3,660	3,490	3,650	3,540	135567	3,600	481328,000	277
9/6/2017	3,600	3,530	3,580	3,590	118720	3,540	422861,000	282
12/6/2017	3,720	3,560	3,620	3,650	151600	3,590	550481,000	293
13/6/2017	3,730	3,630	3,700	3,690	124245	3,650	458185,000	310
14/6/2017	3,760	3,630	3,760	3,650	84388	3,690	308338,000	204
15/6/2017	3,740	3,620	3,670	3,700	80020	3,650	293378,000	181
16/6/2017	3,810	3,670	3,750	3,700	224833	3,700	842414,000	503
19/6/2017	3,940	3,740	3,790	3,870	220470	3,700	846656,000	540
20/6/2017	3,980	3,790	3,890	3,790	105572	3,870	407687,000	257
21/6/2017	3,930	3,790	3,790	3,870	70615	3,790	271774,000	253
22/6/2017	3,940	3,820	3,900	3,820	80129	3,870	310673,000	226
23/6/2017	3,890	3,770	3,790	3,860	81891	3,820	313609,000	262
26/6/2017	3,930	3,810	3,900	3,810	55159	3,860	213248,000	181
27/6/2017	3,880	3,800	3,880	3,850	31812	3,810	121974,000	146
28/6/2017	4,020	3,850	3,850	4,000	150897	3,850	599869,000	361
29/6/2017	4,080	3,980	4,050	4,000	77879	4,000	312462,000	305
30/6/2017	4,080	4,000	4,000	4,060	118735	4,000	480480,000	302
3/7/2017	4,090	4,020	4,060	4,020	68473	4,060	277139,000	153
4/7/2017	4,030	3,940	3,940	4,000	57440	4,020	229379,000	214
5/7/2017	4,060	3,980	4,000	4,060	99641	4,000	399697,000	251
6/7/2017	4,120	4,000	4,050	4,090	84672	4,060	344197,000	228
7/7/2017	4,100	4,040	4,090	4,070	23406	4,090	95121,000	79
10/7/2017	4,140	4,020	4,140	4,030	49707	4,070	201354,000	186
11/7/2017	4,120	3,930	4,120	3,930	101591	4,030	402967,000	316
12/7/2017	4,010	3,900	3,930	3,900	97587	3,930	384844,000	216
13/7/2017	3,980	3,870	3,940	3,980	40619	3,900	158556,000	192
14/7/2017	4,000	3,940	4,000	3,960	29916	3,980	118925,000	149
17/7/2017	4,070	3,960	4,000	3,960	51509	3,960	206322,000	156
18/7/2017	4,010	3,880	4,000	3,960	62227	3,960	245844,000	219
19/7/2017	3,970	3,880	3,960	3,960	57877	3,960	226360,000	211
20/7/2017	3,990	3,910	3,990	3,950	63017	3,960	247783,000	150
21/7/2017	3,970	3,850	3,970	3,890	97035	3,950	377044,000	217
24/7/2017	3,930	3,840	3,890	3,880	80712	3,890	311943,000	222
25/7/2017	3,890	3,780	3,890	3,850	55716	3,880	213161,000	238
26/7/2017	3,850	3,780	3,850	3,840	50576	3,850	192719,000	157
27/7/2017	3,840	3,760	3,840	3,800	55192	3,840	209263,000	177
28/7/2017	3,800	3,750	3,790	3,790	57697	3,800	218300,000	139
31/7/2017	3,790	3,740	3,790	3,780	50754	3,790	191375,000	118
1/8/2017	3,940	3,780	3,790	3,910	47442	3,780	183074,000	244
2/8/2017	3,980	3,920	3,940	3,980	61992	3,910	244948,000	196
3/8/2017	4,020	3,930	3,980	3,980	63895	3,980	254850,000	291
4/8/2017	4,090	3,970	4,000	4,080	193724	3,980	782141,000	443
7/8/2017	4,100	3,980	4,080	3,980	41009	4,080	165888,000	163
8/8/2017	4,030	3,980	4,030	4,010	14232	3,980	57064,000	92
9/8/2017	4,050	3,960	4,010	4,010	43267	4,010	172876,000	186
10/8/2017	4,040	3,960	4,040	3,990	25308	4,010	101052,000	64
11/8/2017	3,990	3,910	3,990	3,970	20371	3,990	80556,000	95
14/8/2017	4,010	3,950	3,970	4,010	26604	3,970	105698,000	124
16/8/2017	4,040	3,950	4,020	4,030	39499	4,010	157873,000	146
17/8/2017	4,050	3,930	4,050	3,980	67435	4,030	267350,000	169
18/8/2017	3,980	3,920	3,980	3,960	45791	3,980	180672,000	120
21/8/2017	4,010	3,950	4,010	3,960	23838	3,960	94767,000	85
22/8/2017	4,030	3,950	4,030	4,000	21846	3,960	87041,000	64
23/8/2017	4,030	3,950	4,030	3,990	19969	4,000	79270,000	68
24/8/2017	3,980	3,930	3,960	3,970	50355	3,990	198823,000	134
25/8/2017	3,980	3,930	3,940	3,970	17535	3,970	69380,000	60
28/8/2017	4,000	3,920	4,000	3,970	35754	3,970	141735,000	97
29/8/2017	3,960	3,910	3,940	3,950	44873	3,970	176227,000	113
30/8/2017	3,990	3,920	3,990	3,970	17363	3,950	68629,000	69
31/8/2017	3,970	3,930	3,970	3,970	17096	3,970	67589,000	72
1/9/2017	3,970	3,910	3,940	3,970	50089	3,970	197860,000	126
4/9/2017	3,930	3,860	3,930	3,910	62603	3,970	244202,000	120
5/9/2017	3,930	3,860	3,930	3,900	29174	3,910	113441,000	79
6/9/2017	3,910	3,860	3,910	3,910	46361	3,900	180547,000	104
7/9/2017	4,010	3,910	3,910	4,010	67288	3,910	267149,000	154
8/9/2017	4,020	3,930	4,020	3,980	66284	4,010	264310,000	185
11/9/2017	3,970	3,930	3,960	3,970	20945	3,980	82937,000	75
12/9/2017	3,970	3,920	3,930	3,970	23017	3,970	90763,000	57
13/9/2017	3,980	3,930	3,980	3,970	12892	3,970	51068,000	45
14/9/2017	3,980	3,880	3,980	3,950	46950	3,970	183867,000	124
15/9/2017	3,930	3,840	3,930	3,920	120135	3,950	467269,000	350
18/9/2017	3,920	3,800	3,920	3,900	86210	3,920	333004,000	203
19/9/2017	3,900	3,830	3,830	3,850	51114	3,900	196685,000	131
20/9/2017	3,850	3,660	3,850	3,820	162368	3,850	609348,000	375
21/9/2017	3,870	3,800	3,840	3,830	57911	3,820	221327,000	199
22/9/2017	3,880	3,800	3,870	3,850	25629	3,830	98636,000	115
25/9/2017	3,850	3,780	3,850	3,830	42311	3,850	161267,000	144
26/9/2017	3,830	3,740	3,830	3,830	49064	3,830	186105,000	249
27/9/2017	3,840	3,770	3,830	3,830	59314	3,830	225798,000	149
28/9/2017	3,860	3,820	3,840	3,850	62464	3,830	240190,000	186
29/9/2017	3,910	3,850	3,910	3,860	55904	3,850	216244,000	196
2/10/2017	3,960	3,840	3,920	3,870	323685	3,860	1263210,000	827
3/10/2017	3,940	3,870	3,880	3,910	283057	3,870	1104557,000	468
4/10/2017	3,930	3,900	3,910	3,920	53813	3,910	210777,000	188
5/10/2017	3,920	3,850	3,910	3,890	760966	3,920	2968103,000	319
6/10/2017	3,920	3,860	3,900	3,920	61123	3,890	238477,000	146
9/10/2017	4,010	3,900	3,920	3,950	306294	3,920	1217371,000	407
10/10/2017	3,970	3,890	3,970	3,900	228072	3,950	892866,000	310
11/10/2017	3,930	3,870	3,900	3,900	87156	3,900	339806,000	270
12/10/2017	3,950	3,860	3,950	3,890	72352	3,900	281172,000	241
13/10/2017	3,970	3,890	3,920	3,950	113706	3,890	447651,000	317
16/10/2017	4,010	3,960	3,980	3,990	106733	3,950	425504,000	366
17/10/2017	3,990	3,950	3,990	3,980	69629	3,990	276221,000	254
18/10/2017	4,000	3,930	4,000	3,970	565892	3,980	2233286,000	175
19/10/2017	3,940	3,890	3,920	3,940	52098	3,970	204059,000	147
20/10/2017	3,970	3,890	3,940	3,940	37026	3,940	145861,000	119
23/10/2017	3,970	3,840	3,970	3,910	58737	3,940	228626,000	172
24/10/2017	3,930	3,860	3,910	3,930	30432	3,910	118542,000	92
25/10/2017	3,980	3,890	3,960	3,940	35278	3,930	138550,000	130
26/10/2017	3,980	3,910	3,910	3,940	283087	3,940	1114716,000	109
27/10/2017	4,160	3,950	3,960	3,950	397059	3,940	1592986,000	440
30/10/2017	4,000	3,960	3,960	3,980	93175	3,950	370967,000	276
31/10/2017	4,270	3,990	3,990	4,240	363551	3,980	1504164,000	517
1/11/2017	4,350	4,200	4,220	4,250	213059	4,240	913396,000	353
2/11/2017	4,340	4,270	4,310	4,320	57007	4,250	245818,000	231
3/11/2017	4,400	4,270	4,330	4,300	67494	4,320	294095,000	306
6/11/2017	4,370	4,310	4,370	4,360	33760	4,300	146594,000	178
7/11/2017	4,370	4,250	4,360	4,250	40062	4,360	172554,000	171
8/11/2017	4,320	4,200	4,250	4,280	74351	4,250	316568,000	379
9/11/2017	4,320	4,170	4,280	4,240	53624	4,280	226078,000	236
10/11/2017	4,240	4,160	4,240	4,220	67198	4,240	281974,000	229
13/11/2017	4,210	4,100	4,180	4,180	49397	4,220	205582,000	197
14/11/2017	4,190	4,110	4,140	4,150	40520	4,180	167839,000	140
15/11/2017	4,140	4,050	4,140	4,120	83193	4,150	340337,000	309
16/11/2017	4,100	4,020	4,100	4,080	49767	4,120	202132,000	191
17/11/2017	4,100	4,010	4,020	4,100	65144	4,080	264711,000	231
20/11/2017	4,100	4,050	4,060	4,100	18709	4,100	76301,000	83
21/11/2017	4,120	4,060	4,070	4,100	50168	4,100	205518,000	216
22/11/2017	4,120	4,050	4,100	4,100	50831	4,100	207493,000	126
23/11/2017	4,120	4,020	4,020	4,110	29739	4,100	121391,000	142
24/11/2017	4,210	4,070	4,070	4,150	39064	4,110	162859,000	170
27/11/2017	4,230	4,090	4,150	4,140	64614	4,150	267635,000	128
28/11/2017	4,200	4,110	4,110	4,140	27621	4,140	114286,000	131
29/11/2017	4,170	4,110	4,110	4,150	45270	4,140	187292,000	221
30/11/2017	4,210	4,150	4,200	4,180	96207	4,150	401974,000	235
1/12/2017	4,180	4,130	4,180	4,150	47517	4,180	197485,000	184
4/12/2017	4,220	4,150	4,200	4,150	21741	4,150	90759,000	136
5/12/2017	4,180	4,120	4,150	4,150	42990	4,150	178768,000	143
6/12/2017	4,160	4,080	4,130	4,140	33902	4,150	139847,000	101
7/12/2017	4,140	4,080	4,120	4,090	27312	4,140	111935,000	109
8/12/2017	4,200	4,060	4,120	4,200	23847	4,090	98655,000	114
11/12/2017	4,230	4,145	4,230	4,200	20663	4,200	86329,000	118
12/12/2017	4,210	4,155	4,175	4,200	36787	4,200	154123,000	133
13/12/2017	4,350	4,170	4,190	4,350	126345	4,200	540544,000	449
14/12/2017	4,430	4,330	4,330	4,410	91889	4,350	404226,000	315
15/12/2017	4,645	4,350	4,350	4,460	160061	4,410	710783,000	395
18/12/2017	4,525	4,440	4,460	4,440	57725	4,460	258519,000	246
19/12/2017	4,490	4,390	4,425	4,430	87924	4,440	390710,000	226
20/12/2017	4,550	4,465	4,550	4,475	142195	4,430	640722,000	345
21/12/2017	4,495	4,435	4,490	4,435	34315	4,475	152822,000	144
22/12/2017	4,520	4,410	4,425	4,490	80900	4,435	360633,000	182
27/12/2017	4,540	4,455	4,540	4,460	45205	4,490	202735,000	193
28/12/2017	4,505	4,370	4,500	4,370	147385	4,460	655821,000	377
29/12/2017	4,440	4,340	4,340	4,430	126527	4,370	556213,000	363
2/1/2018	4,665	4,415	4,430	4,620	104278	4,430	477463,000	447
3/1/2018	4,720	4,520	4,520	4,590	136530	4,620	626654,000	379
4/1/2018	4,670	4,580	4,590	4,650	266318	4,590	1229408,000	635
5/1/2018	4,850	4,660	4,670	4,830	156082	4,650	743654,000	562
8/1/2018	4,900	4,740	4,820	4,840	115917	4,830	558526,000	511
9/1/2018	4,950	4,825	4,840	4,945	107630	4,840	528702,000	429
10/1/2018	4,980	4,875	4,980	4,950	211607	4,945	1045424,000	474
11/1/2018	4,955	4,880	4,950	4,900	132501	4,950	653072,000	394
12/1/2018	4,990	4,850	4,950	4,950	120337	4,900	594297,000	432
15/1/2018	4,955	4,860	4,950	4,885	28899	4,950	141741,000	116
16/1/2018	4,940	4,875	4,930	4,940	45206	4,885	222080,000	186
17/1/2018	4,940	4,790	4,900	4,810	104040	4,940	504096,000	483
18/1/2018	4,825	4,745	4,825	4,765	38440	4,810	183302,000	235
19/1/2018	4,925	4,780	4,790	4,890	106542	4,765	519868,000	397
22/1/2018	4,920	4,820	4,890	4,920	98717	4,890	483279,000	288
23/1/2018	5,100	4,900	4,920	5,000	1816800	4,920	8999074,000	599
24/1/2018	5,300	5,000	5,010	5,280	252383	5,000	1305200,000	865
25/1/2018	5,470	5,200	5,280	5,440	232149	5,280	1245448,000	629
26/1/2018	5,380	5,310	5,350	5,320	168245	5,440	899360,000	429
29/1/2018	5,530	5,270	5,320	5,480	355243	5,320	1923417,000	794
30/1/2018	5,620	5,270	5,480	5,350	542467	5,480	2975396,000	873
31/1/2018	5,490	5,280	5,400	5,410	238168	5,350	1285150,000	622
1/2/2018	5,640	5,410	5,450	5,580	433794	5,410	2400363,000	741
2/2/2018	5,590	5,380	5,590	5,510	380786	5,580	2092910,000	448
5/2/2018	5,470	5,270	5,340	5,300	228982	5,510	1226751,000	615
6/2/2018	5,300	5,040	5,120	5,300	390657	5,300	2012980,000	1126
7/2/2018	5,390	5,250	5,390	5,250	212053	5,300	1128431,000	476
8/2/2018	5,390	5,230	5,250	5,260	138896	5,250	738370,000	347
9/2/2018	5,250	5,090	5,110	5,200	103290	5,260	533575,000	440
12/2/2018	5,320	5,110	5,210	5,110	37625	5,200	196637,000	212
13/2/2018	5,270	5,030	5,090	5,150	227882	5,110	1171707,000	739
14/2/2018	5,250	5,140	5,190	5,240	91425	5,150	474479,000	342
15/2/2018	5,480	5,300	5,300	5,470	180695	5,240	982367,000	671
16/2/2018	5,490	5,390	5,470	5,390	123588	5,470	671533,000	384
20/2/2018	5,390	5,230	5,390	5,280	63742	5,390	338118,000	365
21/2/2018	5,300	5,180	5,280	5,240	68955	5,280	362336,000	247
22/2/2018	5,340	5,240	5,250	5,250	58698	5,240	309268,000	281
23/2/2018	5,370	5,200	5,250	5,280	145219	5,250	768335,000	628
26/2/2018	5,360	5,310	5,330	5,350	72563	5,280	387046,000	330
27/2/2018	5,370	5,240	5,370	5,340	58386	5,350	309440,000	265
28/2/2018	5,360	5,280	5,340	5,300	56183	5,340	298777,000	257
1/3/2018	5,340	5,240	5,300	5,340	42309	5,300	223919,000	195
2/3/2018	5,340	5,230	5,330	5,280	145315	5,340	768191,000	529
5/3/2018	5,330	5,150	5,280	5,200	78787	5,280	411031,000	281
6/3/2018	5,240	5,150	5,200	5,220	80837	5,200	419359,000	231
7/3/2018	5,270	5,160	5,220	5,270	67340	5,220	351266,000	230
8/3/2018	5,400	5,240	5,300	5,370	163942	5,270	878741,000	332
9/3/2018	5,400	5,310	5,400	5,310	52991	5,370	283852,000	217
12/3/2018	5,480	5,330	5,380	5,440	56451	5,310	306901,000	305
13/3/2018	5,480	5,370	5,470	5,440	33763	5,440	183269,000	188
14/3/2018	5,430	5,330	5,360	5,370	31716	5,440	170886,000	212
15/3/2018	5,440	5,310	5,440	5,350	37034	5,370	199199,000	239
16/3/2018	5,520	5,320	5,430	5,350	209115	5,350	1124580,000	348
19/3/2018	5,520	5,320	5,350	5,460	57623	5,350	313030,000	223
20/3/2018	5,500	5,390	5,500	5,400	55203	5,460	300103,000	188
21/3/2018	5,470	5,320	5,470	5,350	31088	5,400	167452,000	99
22/3/2018	5,430	5,140	5,330	5,140	100515	5,350	520707,000	200
23/3/2018	5,170	5,050	5,050	5,090	101221	5,140	518467,000	382
26/3/2018	5,300	5,090	5,090	5,250	123711	5,090	646416,000	371
27/3/2018	5,330	5,110	5,300	5,110	64016	5,250	331687,000	290
28/3/2018	5,170	5,030	5,170	5,050	60262	5,110	306314,000	194
29/3/2018	5,100	4,890	5,090	4,890	80529	5,050	400025,000	348
3/4/2018	5,020	4,710	4,850	4,950	146037	4,890	706528,000	490
4/4/2018	4,985	4,890	4,965	4,890	49170	4,950	242597,000	220
5/4/2018	5,240	4,940	4,940	5,240	60394	4,890	304698,000	230
10/4/2018	5,400	5,150	5,150	5,360	43560	5,240	232796,000	232
11/4/2018	5,400	5,290	5,360	5,400	71589	5,360	383190,000	271
12/4/2018	5,390	5,320	5,320	5,390	53854	5,400	288428,000	147
13/4/2018	5,390	5,200	5,390	5,200	92771	5,390	489396,000	287
16/4/2018	5,410	5,200	5,200	5,310	33484	5,200	178245,000	241
17/4/2018	5,360	5,230	5,260	5,330	157711	5,310	841175,000	264
18/4/2018	5,370	5,250	5,330	5,250	53537	5,330	283537,000	280
19/4/2018	5,260	5,130	5,260	5,180	107871	5,250	561010,000	384
20/4/2018	5,210	5,080	5,180	5,130	57104	5,180	292857,000	216
23/4/2018	5,190	5,010	5,160	5,070	121211	5,130	619690,000	278
24/4/2018	5,140	5,030	5,110	5,140	29498	5,070	150219,000	174
25/4/2018	5,140	5,040	5,040	5,080	41118	5,140	208953,000	120
26/4/2018	5,150	5,050	5,070	5,120	65787	5,080	336034,000	206
27/4/2018	5,180	5,070	5,170	5,110	63627	5,120	324490,000	156
30/4/2018	5,150	5,050	5,140	5,050	60280	5,110	306796,000	286
2/5/2018	5,320	5,070	5,080	5,260	169858	5,050	890115,000	517
3/5/2018	5,320	5,220	5,220	5,290	71218	5,260	376369,000	291
4/5/2018	5,300	5,220	5,290	5,290	78565	5,290	413891,000	255
7/5/2018	5,300	5,060	5,300	5,270	36380	5,290	188586,000	176
8/5/2018	5,250	4,995	5,200	5,230	130302	5,270	670927,000	635
9/5/2018	5,220	5,140	5,190	5,190	53752	5,230	278380,000	272
10/5/2018	5,180	5,130	5,170	5,130	73424	5,190	378884,000	158
11/5/2018	5,160	5,110	5,130	5,160	44965	5,130	231054,000	153
14/5/2018	5,160	5,020	5,110	5,070	40045	5,160	203015,000	200
15/5/2018	5,230	5,100	5,130	5,150	235012	5,070	1212073,000	953
16/5/2018	5,190	5,100	5,190	5,100	131877	5,150	677233,000	628
17/5/2018	5,190	5,080	5,130	5,130	183122	5,100	943337,000	370
18/5/2018	5,310	5,120	5,130	5,220	193270	5,130	1010575,000	554
21/5/2018	5,390	5,190	5,190	5,360	89018	5,220	474290,000	415
22/5/2018	5,570	5,340	5,470	5,500	329050	5,360	1793765,000	1119
23/5/2018	5,550	5,450	5,540	5,450	234498	5,500	1290894,000	682
24/5/2018	5,580	5,430	5,550	5,440	194369	5,450	1072390,000	869
25/5/2018	5,560	5,300	5,500	5,380	189887	5,440	1043186,000	830
29/5/2018	5,390	5,150	5,390	5,350	264701	5,380	1395180,000	1136
30/5/2018	5,550	5,390	5,460	5,500	223724	5,350	1229009,000	961
31/5/2018	5,540	5,280	5,540	5,280	761912	5,500	4035899,000	584
1/6/2018	5,470	5,270	5,280	5,420	120847	5,280	649392,000	595
4/6/2018	5,500	5,350	5,420	5,480	69025	5,420	375497,000	313
5/6/2018	5,570	5,400	5,500	5,500	66515	5,480	365581,000	352
6/6/2018	5,480	5,320	5,400	5,330	56966	5,500	305919,000	330
7/6/2018	5,440	5,290	5,290	5,310	34275	5,330	182538,000	97
8/6/2018	5,350	5,200	5,350	5,200	58648	5,310	307267,000	293
11/6/2018	5,250	5,100	5,170	5,120	58869	5,200	304104,000	247
12/6/2018	5,240	5,050	5,120	5,100	215553	5,120	1104182,000	658
13/6/2018	5,170	5,040	5,060	5,100	67992	5,100	346526,000	408
14/6/2018	5,140	5,020	5,070	5,030	83953	5,100	425162,000	451
15/6/2018	5,110	4,880	5,030	4,980	297319	5,030	1480058,000	527
18/6/2018	4,975	4,840	4,915	4,900	74391	4,980	364045,000	375
19/6/2018	4,960	4,810	4,870	4,960	49860	4,900	244873,000	168
20/6/2018	5,140	4,975	4,990	5,120	75423	4,960	382472,000	335
21/6/2018	5,220	5,050	5,100	5,120	115722	5,120	594792,000	344
22/6/2018	5,270	4,955	5,120	4,960	161907	5,120	822224,000	647
25/6/2018	5,080	4,910	4,960	5,060	78952	4,960	395759,000	285
26/6/2018	5,110	5,060	5,060	5,110	65142	5,060	330848,000	279
27/6/2018	5,300	5,040	5,110	5,100	120385	5,110	621937,000	379
28/6/2018	5,170	4,915	5,050	5,000	85776	5,100	428872,000	1703
29/6/2018	5,140	4,910	5,040	5,140	73796	5,000	370432,000	537
2/7/2018	5,070	4,965	5,010	5,050	108828	5,140	547211,000	273
3/7/2018	5,080	5,000	5,030	5,040	83243	5,050	419384,000	277
4/7/2018	5,120	4,980	5,080	5,040	68462	5,040	346262,000	242
5/7/2018	5,130	5,000	5,010	5,110	460911	5,040	2324770,000	283
6/7/2018	5,180	5,010	5,030	5,010	30571	5,110	154239,000	166
9/7/2018	5,070	5,020	5,030	5,060	12508	5,010	63085,000	52
10/7/2018	5,090	5,020	5,020	5,050	94550	5,060	477651,000	227
11/7/2018	5,130	4,955	5,050	5,050	156902	5,050	791888,000	184
12/7/2018	5,130	5,050	5,090	5,130	78597	5,050	400507,000	347
13/7/2018	5,240	5,070	5,150	5,200	34373	5,130	177978,000	172
16/7/2018	5,580	5,200	5,200	5,380	122767	5,200	655119,000	231
17/7/2018	5,400	5,280	5,400	5,300	19496	5,380	103577,000	109
18/7/2018	5,420	5,290	5,310	5,400	46170	5,300	248327,000	240
19/7/2018	5,360	5,250	5,310	5,250	46803	5,400	247680,000	214
20/7/2018	5,320	5,180	5,320	5,280	57053	5,250	297643,000	148
23/7/2018	5,300	5,230	5,300	5,290	23691	5,280	125089,000	106
24/7/2018	5,360	5,210	5,290	5,360	14061	5,290	74536,000	91
25/7/2018	5,360	5,260	5,360	5,340	65823	5,360	348888,000	155
26/7/2018	5,410	5,280	5,380	5,400	31319	5,340	167124,000	128
27/7/2018	5,440	5,280	5,400	5,360	13449	5,400	71706,000	82
30/7/2018	5,390	5,280	5,280	5,380	15862	5,360	84879,000	91
31/7/2018	5,400	5,360	5,380	5,390	35214	5,380	189643,000	147
1/8/2018	5,380	5,250	5,380	5,280	14966	5,390	79091,000	103
2/8/2018	5,260	5,170	5,220	5,220	16149	5,280	84091,000	119
3/8/2018	5,250	5,180	5,180	5,210	10596	5,220	55332,000	51
6/8/2018	5,280	5,220	5,260	5,270	14229	5,210	74598,000	95
7/8/2018	5,280	5,210	5,230	5,280	21034	5,270	110570,000	231
8/8/2018	5,290	5,230	5,280	5,290	15818	5,280	83438,000	122
9/8/2018	5,310	5,220	5,280	5,310	23829	5,290	126039,000	149
10/8/2018	5,310	5,210	5,310	5,210	29365	5,310	154622,000	219
13/8/2018	5,230	5,110	5,230	5,120	32835	5,210	169209,000	184
14/8/2018	5,170	4,980	5,070	5,040	63289	5,120	320491,000	300
16/8/2018	5,100	5,040	5,040	5,040	59748	5,040	301474,000	311
17/8/2018	5,160	4,990	4,990	5,080	46231	5,040	233755,000	214
20/8/2018	5,160	5,020	5,060	5,040	50703	5,080	256760,000	214
21/8/2018	5,110	4,945	5,110	4,970	97654	5,040	486920,000	673
22/8/2018	4,970	4,810	4,970	4,830	183937	4,970	895033,000	779
23/8/2018	5,270	4,860	4,900	5,270	97448	4,830	496085,000	531
24/8/2018	5,220	5,110	5,180	5,170	19752	5,270	101888,000	122
27/8/2018	5,260	5,180	5,180	5,240	45485	5,170	237282,000	209
28/8/2018	5,290	5,190	5,240	5,190	93765	5,240	487862,000	233
29/8/2018	5,190	5,070	5,130	5,150	71825	5,190	368566,000	305
30/8/2018	5,260	5,110	5,110	5,260	74429	5,150	386761,000	270
31/8/2018	5,280	5,150	5,250	5,150	90140	5,260	467266,000	215
3/9/2018	5,200	5,140	5,200	5,180	28332	5,150	146707,000	181
4/9/2018	5,200	4,985	5,150	4,990	122852	5,180	618803,000	368
5/9/2018	5,200	5,000	5,060	5,140	139700	4,990	712031,000	569
6/9/2018	5,280	4,910	5,000	4,990	154969	5,140	792180,000	406
7/9/2018	5,050	4,940	4,960	4,940	49249	4,990	245451,000	202
10/9/2018	5,130	4,940	4,940	4,940	92047	4,940	461729,000	343
11/9/2018	5,000	4,880	4,940	4,975	87781	4,940	436737,000	276
12/9/2018	5,000	4,880	5,000	4,900	42212	4,975	208508,000	214
13/9/2018	4,970	4,750	4,950	4,850	114874	4,900	555942,000	404
14/9/2018	4,965	4,770	4,890	4,770	171435	4,850	834003,000	399
17/9/2018	4,850	4,590	4,760	4,685	106538	4,770	496461,000	484
18/9/2018	4,795	4,640	4,650	4,795	126655	4,685	600275,000	333
19/9/2018	4,880	4,775	4,795	4,810	64845	4,795	312789,000	242
20/9/2018	4,900	4,790	4,790	4,830	81665	4,810	396515,000	293
21/9/2018	5,200	4,840	4,895	5,200	447546	4,830	2276486,000	685
24/9/2018	5,170	5,010	5,070	5,170	62363	5,200	319956,000	368
25/9/2018	5,200	5,120	5,140	5,200	54540	5,170	282128,000	425
26/9/2018	5,250	5,140	5,150	5,200	50162	5,200	261142,000	167
27/9/2018	5,280	5,170	5,200	5,200	33286	5,200	174072,000	146
28/9/2018	5,200	5,070	5,180	5,070	143719	5,200	735679,000	309
1/10/2018	5,090	4,910	5,090	4,915	60931	5,070	302044,000	260
2/10/2018	4,925	4,820	4,920	4,910	114476	4,915	559525,000	245
3/10/2018	5,100	4,820	4,910	5,100	329623	4,910	1636437,000	557
4/10/2018	5,150	4,990	5,020	5,000	234156	5,100	1176890,000	357
5/10/2018	5,030	4,880	4,980	4,960	167156	5,000	827920,000	294
8/10/2018	4,950	4,840	4,920	4,885	97476	4,960	476650,000	265
9/10/2018	5,010	4,635	4,950	4,760	271625	4,885	1326713,000	717
10/10/2018	4,915	4,640	4,720	4,900	322067	4,760	1558356,000	874
11/10/2018	4,800	4,675	4,750	4,695	79237	4,900	375837,000	340
12/10/2018	4,745	4,645	4,720	4,680	109054	4,695	512535,000	255
15/10/2018	4,830	4,670	4,700	4,725	86435	4,680	410308,000	218
16/10/2018	4,875	4,710	4,810	4,800	42727	4,725	205187,000	168
17/10/2018	4,840	4,690	4,800	4,785	83563	4,800	396736,000	332
18/10/2018	4,800	4,720	4,770	4,800	188890	4,785	905449,000	212
19/10/2018	4,770	4,680	4,750	4,700	348695	4,800	1644886,000	275
22/10/2018	4,720	4,635	4,670	4,635	142948	4,700	664400,000	225
23/10/2018	4,560	4,410	4,560	4,480	113482	4,635	507277,000	440
24/10/2018	4,490	4,390	4,450	4,450	117431	4,480	520892,000	270
25/10/2018	4,450	4,395	4,415	4,420	199879	4,450	884360,000	448
26/10/2018	4,400	4,370	4,390	4,370	176880	4,420	773769,000	256
29/10/2018	4,365	4,285	4,350	4,300	252294	4,370	1088291,000	477
30/10/2018	4,540	4,290	4,290	4,440	131985	4,300	571706,000	371
31/10/2018	4,675	4,450	4,540	4,675	135346	4,440	620148,000	388
1/11/2018	4,655	4,500	4,655	4,535	38499	4,675	175841,000	213
2/11/2018	4,635	4,460	4,580	4,590	74560	4,535	339280,000	284
5/11/2018	4,675	4,510	4,520	4,675	45803	4,590	210558,000	178
6/11/2018	4,880	4,660	4,725	4,850	66344	4,675	319438,000	198
7/11/2018	4,920	4,760	4,845	4,765	48707	4,850	235681,000	149
8/11/2018	4,825	4,655	4,750	4,655	67060	4,765	315678,000	280
9/11/2018	4,755	4,610	4,635	4,750	23642	4,655	111366,000	115
12/11/2018	4,735	4,680	4,725	4,680	18956	4,750	89277,000	124
13/11/2018	4,810	4,635	4,670	4,750	28825	4,680	136396,000	143
14/11/2018	4,725	4,630	4,630	4,710	25618	4,750	119837,000	90
15/11/2018	4,735	4,660	4,660	4,705	31026	4,710	145478,000	172
16/11/2018	4,740	4,600	4,740	4,650	18966	4,705	87786,000	80
19/11/2018	4,680	4,480	4,680	4,580	17009	4,650	77666,000	92
20/11/2018	4,520	4,340	4,510	4,440	44222	4,580	194956,000	178
21/11/2018	4,420	4,320	4,420	4,400	26981	4,440	117985,000	141
22/11/2018	4,350	4,245	4,350	4,245	44493	4,400	190492,000	197
23/11/2018	4,330	4,225	4,240	4,330	9160	4,245	39308,000	85
26/11/2018	4,405	4,260	4,330	4,280	19113	4,330	82679,000	132
27/11/2018	4,290	4,250	4,290	4,250	35145	4,280	149469,000	154
28/11/2018	4,245	4,135	4,230	4,220	24506	4,250	102476,000	124
29/11/2018	4,375	4,165	4,200	4,280	47153	4,220	203318,000	203
30/11/2018	4,325	4,110	4,300	4,300	146862	4,280	624229,000	534
3/12/2018	4,680	4,360	4,360	4,680	94992	4,300	430193,000	444
4/12/2018	4,730	4,580	4,700	4,675	48050	4,680	225117,000	210
5/12/2018	4,710	4,600	4,650	4,690	24472	4,675	114052,000	107
6/12/2018	4,660	4,520	4,520	4,640	26939	4,690	123953,000	197
7/12/2018	4,725	4,535	4,600	4,610	53214	4,640	246257,000	326
10/12/2018	4,630	4,465	4,550	4,530	17826	4,610	80594,000	130
11/12/2018	4,580	4,430	4,510	4,430	24222	4,530	108720,000	125
12/12/2018	4,510	4,420	4,460	4,500	47591	4,430	213157,000	224
13/12/2018	4,480	4,350	4,475	4,410	56748	4,500	250474,000	266
14/12/2018	4,400	4,250	4,400	4,400	41180	4,410	178428,000	211
17/12/2018	4,405	4,210	4,400	4,380	66044	4,400	284590,000	295
18/12/2018	4,380	4,295	4,380	4,345	24536	4,380	106341,000	121
19/12/2018	4,380	4,200	4,380	4,200	59865	4,345	254564,000	281
20/12/2018	4,200	4,070	4,200	4,170	134575	4,200	557776,000	429
21/12/2018	4,170	4,080	4,080	4,100	93014	4,170	382817,000	235
27/12/2018	4,190	3,970	4,180	4,085	41825	4,100	169625,000	232
28/12/2018	4,150	4,000	4,005	4,100	91529	4,085	377170,000	253
31/12/2018	4,900	3,975	4,115	4,800	348905	4,100	1573953,000	676
2/1/2019	4,470	4,240	4,330	4,400	109399	4,800	477479,000	463
3/1/2019	4,345	4,215	4,310	4,300	79633	4,400	341471,000	308
4/1/2019	4,325	4,210	4,210	4,250	41358	4,300	176345,000	233
7/1/2019	4,320	4,220	4,240	4,250	29245	4,250	124546,000	117
8/1/2019	4,330	4,245	4,305	4,265	18153	4,250	77599,000	127
9/1/2019	4,315	4,230	4,260	4,300	98795	4,265	422754,000	243
10/1/2019	4,420	4,230	4,300	4,365	53446	4,300	231541,000	296
11/1/2019	4,400	4,195	4,325	4,265	84050	4,365	359584,000	421
14/1/2019	4,230	4,130	4,230	4,195	26348	4,265	110069,000	187
15/1/2019	4,220	4,130	4,220	4,200	23745	4,195	99034,000	136
16/1/2019	4,260	4,155	4,170	4,200	69130	4,200	290596,000	166
17/1/2019	4,195	4,130	4,180	4,150	45128	4,200	187553,000	256
18/1/2019	4,200	4,080	4,135	4,090	162161	4,150	667167,000	545
21/1/2019	4,200	4,100	4,135	4,200	37439	4,090	156056,000	186
22/1/2019	4,390	4,180	4,200	4,365	51496	4,200	223211,000	255
23/1/2019	4,390	4,310	4,350	4,380	71506	4,365	312122,000	223
24/1/2019	4,400	4,330	4,400	4,360	75368	4,380	328586,000	470
25/1/2019	4,460	4,345	4,345	4,400	60327	4,360	267296,000	219
28/1/2019	4,460	4,325	4,325	4,410	10864	4,400	47780,000	66
29/1/2019	4,425	4,320	4,420	4,320	47342	4,410	207226,000	150
30/1/2019	4,435	4,320	4,320	4,380	39004	4,320	170377,000	226
31/1/2019	4,445	4,320	4,430	4,320	34444	4,380	150648,000	126
1/2/2019	4,400	4,320	4,370	4,390	48006	4,320	208925,000	209
4/2/2019	4,575	4,340	4,440	4,545	64543	4,390	291957,000	204
5/2/2019	4,700	4,520	4,545	4,660	47359	4,545	219576,000	280
6/2/2019	4,920	4,650	4,710	4,920	150799	4,660	732307,000	455
7/2/2019	4,960	4,840	4,920	4,870	212605	4,920	1038804,000	382
8/2/2019	4,940	4,830	4,920	4,905	47212	4,870	230612,000	215
11/2/2019	4,980	4,840	4,980	4,840	90347	4,905	441128,000	221
12/2/2019	4,940	4,860	4,900	4,915	81393	4,840	399611,000	195
13/2/2019	4,980	4,860	4,920	4,930	108110	4,915	532988,000	207
14/2/2019	4,995	4,930	4,975	4,990	43217	4,930	214767,000	169
15/2/2019	5,040	4,925	5,000	4,990	49023	4,990	244076,000	304
18/2/2019	5,120	4,940	4,940	5,100	121725	4,990	619024,000	218
19/2/2019	5,080	5,010	5,080	5,060	54154	5,100	272793,000	252
20/2/2019	5,030	4,930	5,010	4,965	62328	5,060	309436,000	250
21/2/2019	5,230	4,965	4,965	5,120	74836	4,965	384498,000	293
22/2/2019	5,230	5,060	5,090	5,170	31939	5,120	164353,000	186
25/2/2019	5,230	5,030	5,180	5,030	69459	5,170	358744,000	326
26/2/2019	5,100	4,990	5,100	4,990	44092	5,030	222767,000	178
27/2/2019	5,170	4,970	4,970	5,170	32249	4,990	164633,000	164
28/2/2019	5,190	5,090	5,190	5,180	61356	5,170	316731,000	190
1/3/2019	5,180	5,060	5,060	5,130	41714	5,180	213340,000	188
4/3/2019	5,160	5,010	5,160	5,100	31871	5,130	162429,000	193
5/3/2019	5,110	5,030	5,030	5,090	16422	5,100	83407,000	98
6/3/2019	5,090	4,990	5,010	5,020	17940	5,090	90176,000	179
7/3/2019	5,010	4,860	5,000	4,900	49663	5,020	244590,000	345
8/3/2019	4,870	4,760	4,870	4,770	57371	4,900	275475,000	203
12/3/2019	4,885	4,735	4,790	4,885	41619	4,770	201116,000	189
13/3/2019	4,960	4,835	4,880	4,870	48914	4,885	239643,000	216
14/3/2019	4,980	4,840	4,870	4,880	63697	4,870	312857,000	294
15/3/2019	5,000	4,860	4,880	4,960	38967	4,880	193169,000	162
18/3/2019	4,985	4,860	4,860	4,980	15279	4,960	75608,000	109
19/3/2019	5,000	4,825	4,930	4,825	46432	4,980	227640,000	166
20/3/2019	4,900	4,800	4,800	4,880	24770	4,825	120382,000	179
21/3/2019	4,995	4,820	4,820	4,995	27163	4,880	134621,000	143
22/3/2019	5,190	5,020	5,050	5,040	189114	4,995	958048,000	352
26/3/2019	5,070	4,940	4,940	5,030	33249	5,040	167493,000	156
27/3/2019	5,070	4,990	5,000	5,050	44562	5,030	224295,000	285
28/3/2019	5,020	4,910	4,980	4,970	36400	5,050	180522,000	259
29/3/2019	5,030	4,915	4,920	4,920	105471	4,970	523573,000	424
1/4/2019	5,050	4,950	4,995	5,050	75802	4,920	381044,000	278
